,RowID,ImportParcelID,FIPS,State,County,ValueCertDate,ExtractDate,Edition,ZVendorStndCode,AssessorParcelNumber,DupAPN,UnformattedAssessorParcelNumber,ParcelSequenceNumber,AlternateParcelNumber,OldParcelNumber,ParcelNumberTypeStndCode,RecordSourceStndCode,RecordTypeStndCode,ConfidentialRecordFlag,PropertyAddressSourceStndCode,PropertyHouseNumber,PropertyHouseNumberExt,PropertyStreetPreDirectional,PropertyStreetName,PropertyStreetSuffix,PropertyStreetPostDirectional,PropertyFullStreetAddress,PropertyCity,PropertyState,PropertyZip,PropertyZip4,OriginalPropertyFullStreetAddress,OriginalPropertyAddressLastline,PropertyBuildingNumber,PropertyZoningDescription,PropertyZoningSourceCode,CensusTract,TaxIDNumber,TaxAmount,TaxYear,TaxDelinquencyFlag,TaxDelinquencyAmount,TaxDelinquencyYear,TaxRateCodeArea,LegalLot,LegalLotStndCode,LegalOtherLot,LegalBlock,LegalSubdivisionCode,LegalSubdivisionName,LegalCondoProjectPUDDevName,LegalBuildingNumber,LegalUnit,LegalSection,LegalPhase,LegalTract,LegalDistrict,LegalMunicipality,LegalCity,LegalTownship,LegalSTRSection,LegalSTRTownship,LegalSTRRange,LegalSTRMeridian,LegalSecTwnRngMer,LegalRecordersMapReference,LegalDescription,LegalNeighborhoodSourceCode,NoOfBuildings,LotSizeAcres,LotSizeSquareFeet,LotSizeFrontageFeet,LotSizeDepthFeet,LotSizeIRR,LotSiteTopographyStndCode,LoadID,PropertyAddressMatchcode,PropertyAddressUnitDesignator,PropertyAddressUnitNumber,PropertyAddressCarrierRoute,PropertyAddressGeoCodeMatchCode,PropertyAddressLatitude,PropertyAddressLongitude,PropertyAddressCensusTractAndBlock,PropertyAddressConfidenceScore,PropertyAddressCBSACode,PropertyAddressCBSADivisionCode,PropertyAddressMatchType,PropertyAddressDPV,PropertyGeocodeQualityCode,PropertyAddressQualityCode,NoOfUnits,BatchID,BKFSPID,SourceChkSum
337944,9CC4E101-0000-0000-2F36-000000000000,31573148,12086,FL,Miami Dade,7/1/20,102020,28,SII,14-2235-025-0010,,1.42E+12,1,,,,,MP,,,8777,, ,Collins,Ave, ,8777 Collins Ave,Miami Beach,FL,33154,3408,8777 COLLINS AVE 101,"Surfside,FL 33154",,3000,3000,,,12086.65,2020,,,,1400,,,,,,,,,101,,,,,,,,,,,,,,CHAMPLAIN TOWERS SOUTH CONDO UNIT 101 UNDIV .007951% INT IN COMMON ELEMENTS OFF REC 11191-35 OR 20421-1645 0502 1,,1,,,,,,,,,Apt,101,C005,,25.872939,-80.120771,1.21E+14,,,,1,Y,Ops,High,0,1001559308,-1,
337945,9DC4E101-0000-0000-2F36-000000000000,31573149,12086,FL,Miami Dade,7/1/20,102020,28,SII,14-2235-025-0020,,1.42E+12,1,,,,,MP,,,8777,, ,Collins,Ave, ,8777 Collins Ave,Miami Beach,FL,33154,3408,8777 COLLINS AVE 201,"Surfside,FL 33154",,3000,3000,,,12207.51,2020,,,,1400,,,,,,,,,201,,,,,,,,,,,,,,CHAMPLAIN TOWERS SOUTH CONDO UNIT 201 UNDIV .007951% INT IN COMMON ELEMENTS OFF REC 11191-35 OR 18845-3707 1099 1,,1,,,,,,,,,Apt,201,C005,,25.872939,-80.120771,1.21E+14,,,,1,Y,Ops,High,0,1001559308,-1,
337946,9EC4E101-0000-0000-2F36-000000000000,31573150,12086,FL,Miami Dade,7/1/20,102020,28,SII,14-2235-025-0030,,1.42E+12,1,,,,,MP,,,8777,, ,Collins,Ave, ,8777 Collins Ave,Miami Beach,FL,33154,3408,8777 COLLINS AVE 301,"Surfside,FL 33154",,3000,3000,,,12328.37,2020,,,,1400,,,,,,,,,301,,,,,,,,,,,,,,CHAMPLAIN TOWERS SOUTH CONDO UNIT 301 UNDIV .007951% INT IN COMMON ELEMENTS OFF REC 11191-35 OR 18139-3083 0698 1,,1,,,,,,,,,Apt,301,C005,,25.872939,-80.120771,1.21E+14,,,,1,Y,Ops,High,0,1001559308,-1,
337947,9FC4E101-0000-0000-2F36-000000000000,31573151,12086,FL,Miami Dade,7/1/20,102020,28,SII,14-2235-025-0040,,1.42E+12,1,,,,,MP,,,8777,, ,Collins,Ave, ,8777 Collins Ave,Miami Beach,FL,33154,3408,8777 COLLINS AVE 401,"Surfside,FL 33154",,3000,3000,,,5748.38,2020,,,,1400,,,,,,,,,401,,,,,,,,,,,,,,CHAMPLAIN TOWERS SOUTH CONDO UNIT 401 UNDIV .007951% INT IN COMMON ELEMENTS OFF REC 11191-35 OR 18978-2624 20236-4694 0200 1,,1,,,,,,,,,Apt,401,C005,,25.872939,-80.120771,1.21E+14,,,,1,Y,Ops,High,0,1001559308,-1,
337948,A0C4E101-0000-0000-2F36-000000000000,31573152,12086,FL,Miami Dade,7/1/20,102020,28,SII,14-2235-025-0050,,1.42E+12,1,,,,,MP,,,8777,, ,Collins,Ave, ,8777 Collins Ave,Miami Beach,FL,33154,3400,8777 COLLINS AVE 501,"Surfside,FL 33154",,3000,3000,,,5456.36,2020,,,,1400,,,,,,,,,501,,,,,,,,,,,,,,CHAMPLAIN TOWERS SOUTH CONDO UNIT 501 UNDIV .007951% INT IN COMMON ELEMENTS OFF REC 11191-35 OR 17860-4340 1197 1,,1,,,,,,,,,Apt,501,C005,,25.872939,-80.120771,1.21E+14,,,,1,Y,Ops,High,0,1001559308,-1,
337949,A1C4E101-0000-0000-2F36-000000000000,31573153,12086,FL,Miami Dade,7/1/20,102020,28,SII,14-2235-025-0060,,1.42E+12,1,,,,,MP,,,8777,, ,Collins,Ave, ,8777 Collins Ave,Miami Beach,FL,33154,3400,8777 COLLINS AVE 601,"Surfside,FL 33154",,3000,3000,,,12702.89,2020,,,,1400,,,,,,,,,601,,,,,,,,,,,,,,CHAMPLAIN TOWERS SOUTH CONDO UNIT 601 UNDIV .007951% INT IN COMMON ELEMENTS OFF REC 11191-35 OR 14976-803 0391 1,,1,,,,,,,,,Apt,601,C005,,25.872939,-80.120771,1.21E+14,,,,1,Y,Ops,High,0,1001559308,-1,
337950,A2C4E101-0000-0000-2F36-000000000000,31573154,12086,FL,Miami Dade,7/1/20,102020,28,SII,14-2235-025-0070,,1.42E+12,1,,,,,MP,,,8777,, ,Collins,Ave, ,8777 Collins Ave,Miami Beach,FL,33154,3401,8777 COLLINS AVE 701,"Surfside,FL 33154",,3000,3000,,,12830.56,2020,,,,1400,,,,,,,,,701,,,,,,,,,,,,,,CHAMPLAIN TOWERS SOUTH CONDO UNIT 701 UNDIV .007951% INT IN COMMON ELEMENTS OFF REC 11191-35 OR 12918-3268 0586 1,,1,,,,,,,,,Apt,701,C005,,25.872939,-80.120771,1.21E+14,,,,1,Y,Ops,High,0,1001559308,-1,
337951,A3C4E101-0000-0000-2F36-000000000000,31573155,12086,FL,Miami Dade,7/1/20,102020,28,SII,14-2235-025-0080,,1.42E+12,1,,,,,MP,,,8777,, ,Collins,Ave, ,8777 Collins Ave,Miami Beach,FL,33154,3401,8777 COLLINS AVE 801,"Surfside,FL 33154",,3000,3000,,,5861.9,2020,,,,1400,,,,,,,,,801,,,,,,,,,,,,,,CHAMPLAIN TOWERS SOUTH CONDO UNIT 801 UNDIV .007951% INT IN COMMON ELEMENTS OFF REC 11191-35 OR 18467-3919 0299 1,,1,,,,,,,,,Apt,801,C005,,25.872939,-80.120771,1.21E+14,,,,1,Y,Ops,High,0,1001559308,-1,
337952,A4C4E101-0000-0000-2F36-000000000000,31573156,12086,FL,Miami Dade,7/1/20,102020,28,SII,14-2235-025-0090,,1.42E+12,1,,,,,MP,,,8777,, ,Collins,Ave, ,8777 Collins Ave,Miami Beach,FL,33154,3401,8777 COLLINS AVE 901,"Surfside,FL 33154",,3000,3000,,,12276.11,2020,,,,1400,,,,,,,,,901,,,,,,,,,,,,,,CHAMPLAIN TOWERS SOUTH CONDO UNIT 901 UNDIV 0.007951% INT IN COMMON ELEMENTS OFF REC 11191-35 COC 25440-3056 02 2007 1,,1,,,,,,,,,Apt,901,C005,,25.872939,-80.120771,1.21E+14,,,,1,Y,Ops,High,0,1001559308,-1,
337953,A5C4E101-0000-0000-2F36-000000000000,31573157,12086,FL,Miami Dade,7/1/20,102020,28,SII,14-2235-025-0100,,1.42E+12,1,,,,,MP,,,8777,, ,Collins,Ave, ,8777 Collins Ave,Miami Beach,FL,33154,3402,8777 COLLINS AVE 1001,"Surfside,FL 33154",,3000,3000,,,8130.78,2020,,,,1400,,,,,,,,,1001,,,,,,,,,,,,,,CHAMPLAIN TOWERS SOUTH CONDO UNIT 1001 UNDIV .007951% INT IN COMMON ELEMENTS OFF REC 11191-35 OR 11307-1389 1281 1,,1,,,,,,,,,Apt,1001,C005,,25.872939,-80.120771,1.21E+14,,,,1,Y,Ops,High,0,1001559308,-1,
337954,A6C4E101-0000-0000-2F36-000000000000,31573158,12086,FL,Miami Dade,7/1/20,102020,28,SII,14-2235-025-0110,,1.42E+12,1,,,,,MP,,,8777,, ,Collins,Ave, ,8777 Collins Ave,Miami Beach,FL,33154,3402,8777 COLLINS AVE 1101,"Surfside,FL 33154",,3000,3000,,,13351.48,2020,,,,1400,,,,,,,,,1101,,,,,,,,,,,,,,CHAMPLAIN TOWERS SOUTH CONDO UNIT 1101 UNDIV .007951% INT IN COMMON ELEMENTS OFF REC 11191-35 OR 11267-892 1081 1,,1,,,,,,,,,Apt,1101,C005,,25.872939,-80.120771,1.21E+14,,,,1,Y,Ops,High,0,1001559308,-1,
337955,A7C4E101-0000-0000-2F36-000000000000,31573159,12086,FL,Miami Dade,7/1/20,102020,28,SII,14-2235-025-0120,,1.42E+12,1,,,,,MP,,,8777,, ,Collins,Ave, ,8777 Collins Ave,Miami Beach,FL,33154,3406,8777 COLLINS AVE PH-1,"Surfside,FL 33154",,3000,3000,,,13484.98,2020,,,,1400,,,,,,,,,PH-1,,1,,,,,,,,,,,,CHAMPLAIN TOWERS SOUTH CONDO UNIT PH-1 UNDIV .007951% INT IN COMMON ELEMENTS OFF REC 11191-35 OR 19430-0738 1200 1,,1,,,,,,,,,Penthouse,1,C005,,25.872939,-80.120771,1.21E+14,,,,1,S,Ops,High,0,1001559308,-1,
337956,A8C4E101-0000-0000-2F36-000000000000,31573160,12086,FL,Miami Dade,7/1/20,102020,28,SII,14-2235-025-0130,,1.42E+12,1,,,,,MP,,,8777,, ,Collins,Ave, ,8777 Collins Ave,Miami Beach,FL,33154,3408,8777 COLLINS AVE 202,"Surfside,FL 33154",,3000,3000,,,8087.83,2020,,,,1400,,,,,,,,,202,,,,,,,,,,,,,,CHAMPLAIN TOWERS SOUTH CONDO UNIT 202 UNDIV .007447% INT IN COMMON ELEMENTS OFF REC 11191-35 OR 18364-1423 1198 1,,1,,,,,,,,,Apt,202,C005,,25.872939,-80.120771,1.21E+14,,,,1,Y,Ops,High,0,1001559308,-1,
337957,A9C4E101-0000-0000-2F36-000000000000,31573161,12086,FL,Miami Dade,7/1/20,102020,28,SII,14-2235-025-0140,,1.42E+12,1,,,,,MP,,,8777,, ,Collins,Ave, ,8777 Collins Ave,Miami Beach,FL,33154,3401,8777 COLLINS AVE 302,"Surfside,FL 33154",,3000,3000,,,3179.26,2020,,,,1400,,,,,,,,,302,,,,,,,,,,,,,,CHAMPLAIN TOWERS SOUTH CONDO UNIT 302 UNDIV .007447% INT IN COMMON ELEMENTS OFF REC 11191-35 OR 16448-2428 0794 1,,1,,,,,,,,,Apt,302,C005,,25.872939,-80.120771,1.21E+14,,,,1,Y,Ops,High,0,1001559308,-1,
337958,AAC4E101-0000-0000-2F36-000000000000,31573162,12086,FL,Miami Dade,7/1/20,102020,28,SII,14-2235-025-0150,,1.42E+12,1,,,,,MP,,,8777,, ,Collins,Ave, ,8777 Collins Ave,Miami Beach,FL,33154,3408,8777 COLLINS AVE 402,"Surfside,FL 33154",,3000,3000,,,8249.58,2020,,,,1400,,,,,,,,,402,,,,,,,,,,,,,,CHAMPLAIN TOWERS SOUTH CONDO UNIT 402 UNDIV .007447% INT IN COMMON ELEMENTS OFF REC 11191-35 OR 17051-3699 1295 1,,1,,,,,,,,,Apt,402,C005,,25.872939,-80.120771,1.21E+14,,,,1,Y,Ops,High,0,1001559308,-1,
337959,ABC4E101-0000-0000-2F36-000000000000,31573163,12086,FL,Miami Dade,7/1/20,102020,28,SII,14-2235-025-0160,,1.42E+12,1,,,,,MP,,,8777,, ,Collins,Ave, ,8777 Collins Ave,Miami Beach,FL,33154,3401,8777 COLLINS AVE 502,"Surfside,FL 33154",,3000,3000,,,8332.97,2020,,,,1400,,,,,,,,,502,,,,,,,,,,,,,,CHAMPLAIN TOWERS SOUTH CONDO UNIT 502 UNDIV .007447% INT IN COMMON ELEMENTS OFF REC 11191-35 OR 19764-2646 0601 1,,1,,,,,,,,,Apt,502,C005,,25.872939,-80.120771,1.21E+14,,,,1,Y,Ops,High,0,1001559308,-1,
337960,ACC4E101-0000-0000-2F36-000000000000,31573164,12086,FL,Miami Dade,7/1/20,102020,28,SII,14-2235-025-0170,,1.42E+12,1,,,,,MP,,,8777,, ,Collins,Ave, ,8777 Collins Ave,Miami Beach,FL,33154,3400,8777 COLLINS AVE 602,"Surfside,FL 33154",,3000,3000,,,3092.5,2020,,,,1400,,,,,,,,,602,,,,,,,,,,,,,,CHAMPLAIN TOWERS SOUTH CONDO UNIT 602 UNDIV .007447% INT IN COMMON ELEMENTS OFF REC 11191-35 OR 19188-3969 0600 1,,1,,,,,,,,,Apt,602,C005,,25.872939,-80.120771,1.21E+14,,,,1,Y,Ops,High,0,1001559308,-1,
337961,ADC4E101-0000-0000-2F36-000000000000,31573165,12086,FL,Miami Dade,7/1/20,102020,28,SII,14-2235-025-0180,,1.42E+12,1,,,,,MP,,,8777,, ,Collins,Ave, ,8777 Collins Ave,Miami Beach,FL,33154,3401,8777 COLLINS AVE 702,"Surfside,FL 33154",,3000,3000,,,7688.29,2020,,,,1400,,,,,,,,,702,,,,,,,,,,,,,,CHAMPLAIN TOWERS SOUTH CONDO UNIT 702 UNDIV .007447% INT IN COMMON ELEMENTS OFF REC 11191-35 OR 18181-1466 0798 1,,1,,,,,,,,,Apt,702,C005,,25.872939,-80.120771,1.21E+14,,,,1,Y,Ops,High,0,1001559308,-1,
337962,AEC4E101-0000-0000-2F36-000000000000,31573166,12086,FL,Miami Dade,7/1/20,102020,28,SII,14-2235-025-0190,,1.42E+12,1,,,,,MP,,,8777,, ,Collins,Ave, ,8777 Collins Ave,Miami Beach,FL,33154,3401,8777 COLLINS AVE 802,"Surfside,FL 33154",,3000,3000,,,8584.92,2020,,,,1400,,,,,,,,,802,,,,,,,,,,,,,,CHAMPLAIN TOWERS SOUTH CONDO UNIT 802 UNDIV .007447% INT IN COMMON ELEMENTS OFF REC 11191-35 COC 23241-1818/23241-1822 0305 1,,1,,,,,,,,,Apt,802,C005,,25.872939,-80.120771,1.21E+14,,,,1,Y,Ops,High,0,1001559308,-1,
337963,AFC4E101-0000-0000-2F36-000000000000,31573167,12086,FL,Miami Dade,7/1/20,102020,28,SII,14-2235-025-0200,,1.42E+12,1,,,,,MP,,,8777,, ,Collins,Ave, ,8777 Collins Ave,Miami Beach,FL,33154,3402,8777 COLLINS AVE 902,"Surfside,FL 33154",,3000,3000,,,8671.72,2020,,,,1400,,,,,,,,,902,,,,,,,,,,,,,,CHAMPLAIN TOWERS SOUTH CONDO UNIT 902 UNDIV .007447% INT IN COMMON ELEMENTS OFF REC 11191-35 OR 14635-1823 0790 1,,1,,,,,,,,,Apt,902,C005,,25.872939,-80.120771,1.21E+14,,,,1,Y,Ops,High,0,1001559308,-1,
337964,B0C4E101-0000-0000-2F36-000000000000,31573168,12086,FL,Miami Dade,7/1/20,102020,28,SII,14-2235-025-0210,,1.42E+12,1,,,,,MP,,,8777,, ,Collins,Ave, ,8777 Collins Ave,Miami Beach,FL,33154,3402,8777 COLLINS AVE 1002,"Surfside,FL 33154",,3000,3000,,,8756.86,2020,,,,1400,,,,,,,,,1002,,,,,,,,,,,,,,CHAMPLAIN TOWERS SOUTH CONDO UNIT 1002 UNDIV .007447% INT IN COMMON ELEMENTS OFF REC 11191-35 OR 14822-2094 & 97 1190 1,,1,,,,,,,,,Apt,1002,C005,,25.872939,-80.120771,1.21E+14,,,,1,Y,Ops,High,0,1001559308,-1,
337965,B1C4E101-0000-0000-2F36-000000000000,31573169,12086,FL,Miami Dade,7/1/20,102020,28,SII,14-2235-025-0220,,1.42E+12,1,,,,,MP,,,8777,, ,Collins,Ave, ,8777 Collins Ave,Miami Beach,FL,33154,3402,8777 COLLINS AVE 1102,"Surfside,FL 33154",,3000,3000,,,8845.38,2020,,,,1400,,,,,,,,,1102,,,,,,,,,,,,,,CHAMPLAIN TOWERS SOUTH CONDO UNIT 1102 UNDIV .007447% INT IN COMMON ELEMENTS OFF REC 11191-35 COC 25676-0144 05 2007 1,,1,,,,,,,,,Apt,1102,C005,,25.872939,-80.120771,1.21E+14,,,,1,Y,Ops,High,0,1001559308,-1,
337966,B2C4E101-0000-0000-2F36-000000000000,31573170,12086,FL,Miami Dade,7/1/20,102020,28,SII,14-2235-025-0230,,1.42E+12,1,,,,,MP,,,8777,, ,Collins,Ave, ,8777 Collins Ave,Miami Beach,FL,33154,3441,8777 COLLINS AVE PH-2,"Surfside,FL 33154",,3000,3000,,,6304.69,2020,,,,1400,,,,,,,,,PH-2,,2,,,,,,,,,,,,CHAMPLAIN TOWERS SOUTH CONDO UNIT PH-2 UNDIV .007447% INT IN COMMON ELEMENTS OFF REC 11191-35 OR 19181-2733 0400 1,,1,,,,,,,,,Penthouse,2,C005,,25.872939,-80.120771,1.21E+14,,,,1,Y,Ops,High,0,1001559308,-1,
337967,B3C4E101-0000-0000-2F36-000000000000,31573171,12086,FL,Miami Dade,7/1/20,102020,28,SII,14-2235-025-0240,,1.42E+12,1,,,,,MP,,,8777,, ,Collins,Ave, ,8777 Collins Ave,Miami Beach,FL,33154,3408,8777 COLLINS AVE 203,"Surfside,FL 33154",,3000,3000,,,4638.51,2020,,,,1400,,,,,,,,,203,,,,,,,,,,,,,,CHAMPLAIN TOWERS SOUTH CONDO UNIT 203 UNDIV .006347% INT IN COMMON ELEMENTS OFF REC 11191-35 OR 11266-1018 1181 1,,1,,,,,,,,,Apt,203,C005,,25.872939,-80.120771,1.21E+14,,,,1,Y,Ops,High,0,1001559308,-1,
337968,B4C4E101-0000-0000-2F36-000000000000,31573172,12086,FL,Miami Dade,7/1/20,102020,28,SII,14-2235-025-0250,,1.42E+12,1,,,,,MP,,,8777,, ,Collins,Ave, ,8777 Collins Ave,Miami Beach,FL,33154,3408,8777 COLLINS AVE 303,"Surfside,FL 33154",,3000,3000,,,6099.8,2020,,,,1400,,,,,,,,,303,,,,,,,,,,,,,,CHAMPLAIN TOWERS SOUTH CONDO UNIT 303 UNDIV .006347% INT IN COMMON ELEMENTS OFF REC 11191-35 OR 20442-3194 0502 1,,1,,,,,,,,,Apt,303,C005,,25.872939,-80.120771,1.21E+14,,,,1,Y,Ops,High,0,1001559308,-1,
337969,B5C4E101-0000-0000-2F36-000000000000,31573173,12086,FL,Miami Dade,7/1/20,102020,28,SII,14-2235-025-0260,,1.42E+12,1,,,,,MP,,,8777,, ,Collins,Ave, ,8777 Collins Ave,Miami Beach,FL,33154,3408,8777 COLLINS AVE 403,"Surfside,FL 33154",,3000,3000,,,7604.33,2020,,,,1400,,,,,,,,,403,,,,,,,,,,,,,,CHAMPLAIN TOWERS SOUTH CONDO UNIT 403 UNDIV .006347% INT IN COMMON ELEMENTS OFF REC 11191-35 OR 14335-3230 1089 1,,1,,,,,,,,,Apt,403,C005,,25.872939,-80.120771,1.21E+14,,,,1,Y,Ops,High,0,1001559308,-1,
337970,B6C4E101-0000-0000-2F36-000000000000,31573174,12086,FL,Miami Dade,7/1/20,102020,28,SII,14-2235-025-0270,,1.42E+12,1,,,,,MP,,,8777,, ,Collins,Ave, ,8777 Collins Ave,Miami Beach,FL,33154,3400,8777 COLLINS AVE 503,"Surfside,FL 33154",,3000,3000,,,7681.12,2020,,,,1400,,,,,,,,,503,,,,,,,,,,,,,,CHAMPLAIN TOWERS SOUTH CONDO UNIT 503 UNDIV .006347% INT IN COMMON ELEMENTS OFF REC 11191-35 OR 11802-672-73 0583 1,,1,,,,,,,,,Apt,503,C005,,25.872939,-80.120771,1.21E+14,,,,1,Y,Ops,High,0,1001559308,-1,
337971,B7C4E101-0000-0000-2F36-000000000000,31573175,12086,FL,Miami Dade,7/1/20,102020,28,SII,14-2235-025-0280,,1.42E+12,1,,,,,MP,,,8777,, ,Collins,Ave, ,8777 Collins Ave,Miami Beach,FL,33154,3401,8777 COLLINS AVE 603,"Surfside,FL 33154",,3000,3000,,,7798.1,2020,,,,1400,,,,,,,,,603,,,,,,,,,,,,,,CHAMPLAIN TOWERS SOUTH CONDO UNIT 603 UNDIV .006347% INT IN COMMON ELEMENTS OFF REC 11191-35 OR 14545-1593 0490 1,,1,,,,,,,,,Apt,603,C005,,25.872939,-80.120771,1.21E+14,,,,1,Y,Ops,High,0,1001559308,-1,
337972,B8C4E101-0000-0000-2F36-000000000000,31573176,12086,FL,Miami Dade,7/1/20,102020,28,SII,14-2235-025-0290,,1.42E+12,1,,,,,MP,,,8777,, ,Collins,Ave, ,8777 Collins Ave,Miami Beach,FL,33154,3401,8777 COLLINS AVE 703,"Surfside,FL 33154",,3000,3000,,,7876.87,2020,,,,1400,,,,,,,,,703,,,,,,,,,,,,,,CHAMPLAIN TOWERS SOUTH CONDO UNIT 703 UNDIV .006347% INT IN COMMON ELEMENTS OFF REC 11191-35 OR 15651-2902 0792 5,,1,,,,,,,,,Apt,703,C005,,25.872939,-80.120771,1.21E+14,,,,1,Y,Ops,High,0,1001559308,-1,
337973,B9C4E101-0000-0000-2F36-000000000000,31573177,12086,FL,Miami Dade,7/1/20,102020,28,SII,14-2235-025-0300,,1.42E+12,1,,,,,MP,,,8777,, ,Collins,Ave, ,8777 Collins Ave,Miami Beach,FL,33154,3401,8777 COLLINS AVE 803,"Surfside,FL 33154",,3000,3000,,,7959.14,2020,,,,1400,,,,,,,,,803,,,,,,,,,,,,,,CHAMPLAIN TOWERS SOUTH CONDO UNIT 803 UNDIV .006347% INT IN COMMON ELEMENTS OFF REC 11191-35 OR 18163-4424 0598 1,,1,,,,,,,,,Apt,803,C005,,25.872939,-80.120771,1.21E+14,,,,1,Y,Ops,High,0,1001559308,-1,
337974,BAC4E101-0000-0000-2F36-000000000000,31573178,12086,FL,Miami Dade,7/1/20,102020,28,SII,14-2235-025-0310,,1.42E+12,1,,,,,MP,,,8777,, ,Collins,Ave, ,8777 Collins Ave,Miami Beach,FL,33154,3402,8777 COLLINS AVE 903,"Surfside,FL 33154",,3000,3000,,,8036,2020,,,,1400,,,,,,,,,903,,,,,,,,,,,,,,CHAMPLAIN TOWERS SOUTH CONDO UNIT 903 UNDIV .006347% INT IN COMMON ELEMENTS OFF REC 11191-35 OR 16614-1451 1194 1,,1,,,,,,,,,Apt,903,C005,,25.872939,-80.120771,1.21E+14,,,,1,Y,Ops,High,0,1001559308,-1,
337975,BBC4E101-0000-0000-2F36-000000000000,31573179,12086,FL,Miami Dade,7/1/20,102020,28,SII,14-2235-025-0320,,1.42E+12,1,,,,,MP,,,8777,, ,Collins,Ave, ,8777 Collins Ave,Miami Beach,FL,33154,3402,8777 COLLINS AVE 1003,"Surfside,FL 33154",,3000,3000,,,8116.38,2020,,,,1400,,,,,,,,,1003,,,,,,,,,,,,,,CHAMPLAIN TOWERS SOUTH CONDO UNIT 1003 UNDIV .006347% INT IN COMMON ELEMENTS OFF REC 11191-35 OR 19484-3297 1200 5,,1,,,,,,,,,Apt,1003,C005,,25.872939,-80.120771,1.21E+14,,,,1,Y,Ops,High,0,1001559308,-1,
337976,BCC4E101-0000-0000-2F36-000000000000,31573180,12086,FL,Miami Dade,7/1/20,102020,28,SII,14-2235-025-0330,,1.42E+12,1,,,,,MP,,,8777,, ,Collins,Ave, ,8777 Collins Ave,Miami Beach,FL,33154,3402,8777 COLLINS AVE 1103,"Surfside,FL 33154",,3000,3000,,,8238.1,2020,,,,1400,,,,,,,,,1103,,,,,,,,,,,,,,CHAMPLAIN TOWERS SOUTH CONDO UNIT 1103 UNDIV .006347% INT IN COMMON ELEMENTS OFF REC 11191-35 OR 18079-0251 0498 4,,1,,,,,,,,,Apt,1103,C005,,25.872939,-80.120771,1.21E+14,,,,1,Y,Ops,High,0,1001559308,-1,
337977,BDC4E101-0000-0000-2F36-000000000000,31573181,12086,FL,Miami Dade,7/1/20,102020,28,SII,14-2235-025-0340,,1.42E+12,1,,,,,MP,,,8777,, ,Collins,Ave, ,8777 Collins Ave,Miami Beach,FL,33154,3406,8777 COLLINS AVE PH3,"Surfside,FL 33154",,3000,3000,,,3013.02,2020,,,,1400,,,,,,,,,PH-3,,3,,,,,,,,,,,,CHAMPLAIN TOWERS SOUTH CONDO UNIT PH-3 UNDIV .006347% INT IN COMMON ELEMENTS OFF REC 11191-35 OR 14277-4629 0989 1,,1,,,,,,,,,Penthouse,3,C005,,25.872939,-80.120771,1.21E+14,,,,1,S,Ops,High,0,1001559308,-1,
337978,BEC4E101-0000-0000-2F36-000000000000,31573182,12086,FL,Miami Dade,7/1/20,102020,28,SII,14-2235-025-0350,,1.42E+12,1,,,,,MP,,,8777,, ,Collins,Ave, ,8777 Collins Ave,Miami Beach,FL,33154,3408,8777 COLLINS AVE 204,"Surfside,FL 33154",,3000,3000,,,7407.25,2020,,,,1400,,,,,,,,,204,,,,,,,,,,,,,,CHAMPLAIN TOWERS SOUTH CONDO UNIT 204 UNDIV .006347% INT IN COMMON ELEMENTS OFF REC 11191-35 OR 11568-589 0882 1,,1,,,,,,,,,Apt,204,C005,,25.872939,-80.120771,1.21E+14,,,,1,Y,Ops,High,0,1001559308,-1,
337979,BFC4E101-0000-0000-2F36-000000000000,31573183,12086,FL,Miami Dade,7/1/20,102020,28,SII,14-2235-025-0360,,1.42E+12,1,,,,,MP,,,8777,, ,Collins,Ave, ,8777 Collins Ave,Miami Beach,FL,33154,3408,8777 COLLINS AVE 304,"Surfside,FL 33154",,3000,3000,,,3933.7,2020,,,,1400,,,,,,,,,304,,,,,,,,,,,,,,CHAMPLAIN TOWERS SOUTH CONDO UNIT 304 UNDIV .006347% INT IN COMMON ELEMENTS OFF REC 11191-35 OR 21008-1275-77-78-79 0103 5,,1,,,,,,,,,Apt,304,C005,,25.872939,-80.120771,1.21E+14,,,,1,Y,Ops,High,0,1001559308,-1,
337980,C0C4E101-0000-0000-2F36-000000000000,31573184,12086,FL,Miami Dade,7/1/20,102020,28,SII,14-2235-025-0370,,1.42E+12,1,,,,,MP,,,8777,, ,Collins,Ave, ,8777 Collins Ave,Miami Beach,FL,33154,3408,8777 COLLINS AVE 404,"Surfside,FL 33154",,3000,3000,,,5130.24,2020,,,,1400,,,,,,,,,404,,,,,,,,,,,,,,CHAMPLAIN TOWERS SOUTH CONDO UNIT 404 UNDIV .006347% INT IN COMMON ELEMENTS OFF REC 11191-35 OR 12764-132 0186 1,,1,,,,,,,,,Apt,404,C005,,25.872939,-80.120771,1.21E+14,,,,1,Y,Ops,High,0,1001559308,-1,
337981,C1C4E101-0000-0000-2F36-000000000000,31573185,12086,FL,Miami Dade,7/1/20,102020,28,SII,14-2235-025-0380,,1.42E+12,1,,,,,MP,,,8777,, ,Collins,Ave, ,8777 Collins Ave,Miami Beach,FL,33154,3400,8777 COLLINS AVE 504,"Surfside,FL 33154",,3000,3000,,,7681.12,2020,,,,1400,,,,,,,,,504,,,,,,,,,,,,,,CHAMPLAIN TOWERS SOUTH CONDO UNIT 504 UNDIV .006347% INT IN COMMON ELEMENTS OFF REC 11191-35 OR 19127-2726 0500 1,,1,,,,,,,,,Apt,504,C005,,25.872939,-80.120771,1.21E+14,,,,1,Y,Ops,High,0,1001559308,-1,
337982,C2C4E101-0000-0000-2F36-000000000000,31573186,12086,FL,Miami Dade,7/1/20,102020,28,SII,14-2235-025-0390,,1.42E+12,1,,,,,MP,,,8777,, ,Collins,Ave, ,8777 Collins Ave,Miami Beach,FL,33154,3400,8777 COLLINS AVE 604,"Surfside,FL 33154",,3000,3000,,,7798.1,2020,,,,1400,,,,,,,,,604,,,,,,,,,,,,,,CHAMPLAIN TOWERS SOUTH CONDO UNIT 604 UNDIV .006347% INT IN COMMON ELEMENTS OFF REC 11191-35 OR 14823-3063 1290 1,,1,,,,,,,,,Apt,604,C005,,25.872939,-80.120771,1.21E+14,,,,1,Y,Ops,High,0,1001559308,-1,
337983,C3C4E101-0000-0000-2F36-000000000000,31573187,12086,FL,Miami Dade,7/1/20,102020,28,SII,14-2235-025-0400,,1.42E+12,1,,,,,MP,,,8777,, ,Collins,Ave, ,8777 Collins Ave,Miami Beach,FL,33154,3401,8777 COLLINS AVE 704,"Surfside,FL 33154",,3000,3000,,,7876.87,2020,,,,1400,,,,,,,,,704,,,,,,,,,,,,,,CHAMPLAIN TOWERS SOUTH CONDO UNIT 704 UNDIV .006347% INT IN COMMON ELEMENTS OFF REC 11191-35 OR 17581-3053 0397 1,,1,,,,,,,,,Apt,704,C005,,25.872939,-80.120771,1.21E+14,,,,1,Y,Ops,High,0,1001559308,-1,
337984,C4C4E101-0000-0000-2F36-000000000000,31573188,12086,FL,Miami Dade,7/1/20,102020,28,SII,14-2235-025-0410,,1.42E+12,1,,,,,MP,,,8777,, ,Collins,Ave, ,8777 Collins Ave,Miami Beach,FL,33154,3401,8777 COLLINS AVE 804,"Surfside,FL 33154",,3000,3000,,,7959.14,2020,,,,1400,,,,,,,,,804,,,,,,,,,,,,,,CHAMPLAIN TOWERS SOUTH CONDO UNIT 804 UNDIV .006347% INT IN COMMON ELEMENTS OFF REC 11191-35 OR 14341-1745 1189 4,,1,,,,,,,,,Apt,804,C005,,25.872939,-80.120771,1.21E+14,,,,1,Y,Ops,High,0,1001559308,-1,
337985,C5C4E101-0000-0000-2F36-000000000000,31573189,12086,FL,Miami Dade,7/1/20,102020,28,SII,14-2235-025-0420,,1.42E+12,1,,,,,MP,,,8777,, ,Collins,Ave, ,8777 Collins Ave,Miami Beach,FL,33154,3402,8777 COLLINS AVE 904,"Surfside,FL 33154",,3000,3000,,,5211.1,2020,,,,1400,,,,,,,,,904,,,,,,,,,,,,,,CHAMPLAIN TOWERS SOUTH CONDO UNIT 904 UNDIV .006347% INT IN COMMON ELEMENTS OFF REC 11191-35 COC 22105-1618 02 2004 5,,1,,,,,,,,,Apt,904,C005,,25.872939,-80.120771,1.21E+14,,,,1,Y,Ops,High,0,1001559308,-1,
337986,C6C4E101-0000-0000-2F36-000000000000,31573190,12086,FL,Miami Dade,7/1/20,102020,28,SII,14-2235-025-0430,,1.42E+12,1,,,,,MP,,,8777,, ,Collins,Ave, ,8777 Collins Ave,Miami Beach,FL,33154,3402,8777 COLLINS AVE 1004,"Surfside,FL 33154",,3000,3000,,,8116.38,2020,,,,1400,,,,,,,,,1004,,,,,,,,,,,,,,CHAMPLAIN TOWERS SOUTH CONDO UNIT 1004 UNDIV .006347% INT IN COMMON ELEMENTS OFF REC 11191-35 OR 18586-685 0499 4,,1,,,,,,,,,Apt,1004,C005,,25.872939,-80.120771,1.21E+14,,,,1,Y,Ops,High,0,1001559308,-1,
337987,C7C4E101-0000-0000-2F36-000000000000,31573191,12086,FL,Miami Dade,7/1/20,102020,28,SII,14-2235-025-0440,,1.42E+12,1,,,,,MP,,,8777,, ,Collins,Ave, ,8777 Collins Ave,Miami Beach,FL,33154,3401,8777 COLLINS AVE 1104,"Surfside,FL 33154",,3000,3000,,,8238.1,2020,,,,1400,,,,,,,,,1104,,,,,,,,,,,,,,CHAMPLAIN TOWERS SOUTH CONDO UNIT 1104 UNDIV .006347% INT IN COMMON ELEMENTS OFF REC 11191-35 OR 11283-1350 1181 1,,1,,,,,,,,,Apt,1104,C005,,25.872939,-80.120771,1.21E+14,,,,1,Y,Ops,High,0,1001559308,-1,
337988,C8C4E101-0000-0000-2F36-000000000000,31573192,12086,FL,Miami Dade,7/1/20,102020,28,SII,14-2235-025-0450,,1.42E+12,1,,,,,MP,,,8777,, ,Collins,Ave, ,8777 Collins Ave,Miami Beach,FL,33154,3406,8777 COLLINS AVE PH-4,"Surfside,FL 33154",,3000,3000,,,8320.46,2020,,,,1400,,,,,,,,,PH-4,,4,,,,,,,,,,,,CHAMPLAIN TOWERS SOUTH CONDO UNIT PH-4 UNDIV .006347% INT IN COMMON ELEMENTS OFF REC 11191-35 OR 18493-4392 0199 4,,1,,,,,,,,,Penthouse,4,C005,,25.872939,-80.120771,1.21E+14,,,,1,S,Ops,High,0,1001559308,-1,
337989,C9C4E101-0000-0000-2F36-000000000000,31573193,12086,FL,Miami Dade,7/1/20,102020,28,SII,14-2235-025-0460,,1.42E+12,1,,,,,MP,,,8777,, ,Collins,Ave, ,8777 Collins Ave,Miami Beach,FL,33154,3408,8777 COLLINS AVE 205,"Surfside,FL 33154",,3000,3000,,,2608.88,2020,,,,1400,,,,,,,,,205,,,,,,,,,,,,,,CHAMPLAIN TOWERS SOUTH CONDO UNIT 205 UNDIV .007126% INT IN COMMON ELEMENTS OFF REC 11191-35 OR 18023-3653 0398 1,,1,,,,,,,,,Apt,205,C005,,25.872939,-80.120771,1.21E+14,,,,1,Y,Ops,High,0,1001559308,-1,
337990,CAC4E101-0000-0000-2F36-000000000000,31573194,12086,FL,Miami Dade,7/1/20,102020,28,SII,14-2235-025-0470,,1.42E+12,1,,,,,MP,,,8777,, ,Collins,Ave, ,8777 Collins Ave,Miami Beach,FL,33154,3408,8777 COLLINS AVE 305,"Surfside,FL 33154",,3000,3000,,,7979.01,2020,,,,1400,,,,,,,,,305,,,,,,,,,,,,,,CHAMPLAIN TOWERS SOUTH CONDO UNIT 305 UNDIV .007126% INT IN COMMON ELEMENTS OFF REC 11191-35 OR 20575-3526 0702 1,,1,,,,,,,,,Apt,305,C005,,25.872939,-80.120771,1.21E+14,,,,1,Y,Ops,High,0,1001559308,-1,
337991,CBC4E101-0000-0000-2F36-000000000000,31573195,12086,FL,Miami Dade,7/1/20,102020,28,SII,14-2235-025-0480,,1.42E+12,1,,,,,MP,,,8777,, ,Collins,Ave, ,8777 Collins Ave,Miami Beach,FL,33154,3408,8777 COLLINS AVE 405,"Surfside,FL 33154",,3000,3000,,,2841.57,2020,,,,1400,,,,,,,,,405,,,,,,,,,,,,,,CHAMPLAIN TOWERS SOUTH CONDO UNIT 405 UNDIV .007126% INT IN COMMON ELEMENTS OFF REC 11191-35 OR 19018-975 0200 1,,1,,,,,,,,,Apt,405,C005,,25.872939,-80.120771,1.21E+14,,,,1,Y,Ops,High,0,1001559308,-1,
337992,CCC4E101-0000-0000-2F36-000000000000,31573196,12086,FL,Miami Dade,7/1/20,102020,28,SII,14-2235-025-0490,,1.42E+12,1,,,,,MP,,,8777,, ,Collins,Ave, ,8777 Collins Ave,Miami Beach,FL,33154,3401,8777 COLLINS AVE 505,"Surfside,FL 33154",,3000,3000,,,8139.36,2020,,,,1400,,,,,,,,,505,,,,,,,,,,,,,,CHAMPLAIN TOWERS SOUTH CONDO UNIT 505 UNDIV .007126% INT IN COMMON ELEMENTS OFF REC 11191-35 OR 17200-1249 0496 4,,1,,,,,,,,,Apt,505,C005,,25.872939,-80.120771,1.21E+14,,,,1,Y,Ops,High,0,1001559308,-1,
337993,CDC4E101-0000-0000-2F36-000000000000,31573197,12086,FL,Miami Dade,7/1/20,102020,28,SII,14-2235-025-0500,,1.42E+12,1,,,,,MP,,,8777,, ,Collins,Ave, ,8777 Collins Ave,Miami Beach,FL,33154,3400,8777 COLLINS AVE 605,"Surfside,FL 33154",,3000,3000,,,2883.58,2020,,,,1400,,,,,,,,,605,,,,,,,,,,,,,,CHAMPLAIN TOWERS SOUTH CONDO UNIT 605 UNDIV .007126% INT IN COMMON ELEMENTS OFF REC 11191-35 OR 18340-4209 1098 1,,1,,,,,,,,,Apt,605,C005,,25.872939,-80.120771,1.21E+14,,,,1,Y,Ops,High,0,1001559308,-1,
337994,CEC4E101-0000-0000-2F36-000000000000,31573198,12086,FL,Miami Dade,7/1/20,102020,28,SII,14-2235-025-0510,,1.42E+12,1,,,,,MP,,,8777,, ,Collins,Ave, ,8777 Collins Ave,Miami Beach,FL,33154,3401,8777 COLLINS AVE 705,"Surfside,FL 33154",,3000,3000,,,4589.61,2020,,,,1400,,,,,,,,,705,,,,,,,,,,,,,,CHAMPLAIN TOWERS SOUTH CONDO UNIT 705 UNDIV .007126% INT IN COMMON ELEMENTS OFF REC 11191-35 OR 19718-624 0501 1,,1,,,,,,,,,Apt,705,C005,,25.872939,-80.120771,1.21E+14,,,,1,Y,Ops,High,0,1001559308,-1,
337995,CFC4E101-0000-0000-2F36-000000000000,31573199,12086,FL,Miami Dade,7/1/20,102020,28,SII,14-2235-025-0520,,1.42E+12,1,,,,,MP,,,8777,, ,Collins,Ave, ,8777 Collins Ave,Miami Beach,FL,33154,3401,8777 COLLINS AVE 805,"Surfside,FL 33154",,3000,3000,,,3308.58,2020,,,,1400,,,,,,,,,805,,,,,,,,,,,,,,CHAMPLAIN TOWERS SOUTH CONDO UNIT 805 UNDIV .007126% INT IN COMMON ELEMENTS OFF REC 11191-35 OR 19666-4909 0501 1,,1,,,,,,,,,Apt,805,C005,,25.872939,-80.120771,1.21E+14,,,,1,Y,Ops,High,0,1001559308,-1,
337996,D0C4E101-0000-0000-2F36-000000000000,31573200,12086,FL,Miami Dade,7/1/20,102020,28,SII,14-2235-025-0530,,1.42E+12,1,,,,,MP,,,8777,, ,Collins,Ave, ,8777 Collins Ave,Miami Beach,FL,33154,3402,8777 COLLINS AVE 905,"Surfside,FL 33154",,3000,3000,,,8592.22,2020,,,,1400,,,,,,,,,905,,,,,,,,,,,,,,CHAMPLAIN TOWERS SOUTH CONDO UNIT 905 UNDIV .007126% INT IN COMMON ELEMENTS OFF REC 11191-35 OR 14050-0016 0389 1,,1,,,,,,,,,Apt,905,C005,,25.872939,-80.120771,1.21E+14,,,,1,Y,Ops,High,0,1001559308,-1,
337997,D1C4E101-0000-0000-2F36-000000000000,31573201,12086,FL,Miami Dade,7/1/20,102020,28,SII,14-2235-025-0540,,1.42E+12,1,,,,,MP,,,8777,, ,Collins,Ave, ,8777 Collins Ave,Miami Beach,FL,33154,3402,8777 COLLINS AVE 1005,"Surfside,FL 33154",,3000,3000,,,8678.16,2020,,,,1400,,,,,,,,,1005,,,,,,,,,,,,,,CHAMPLAIN TOWERS SOUTH CONDO UNIT 1005 UNDIV .007126% INT IN COMMON ELEMENTS OFF REC 11191-35 OR 19969-1540 0801 1,,1,,,,,,,,,Apt,1005,C005,,25.872939,-80.120771,1.21E+14,,,,1,Y,Ops,High,0,1001559308,-1,
337998,D2C4E101-0000-0000-2F36-000000000000,31573202,12086,FL,Miami Dade,7/1/20,102020,28,SII,14-2235-025-0550,,1.42E+12,1,,,,,MP,,,8777,, ,Collins,Ave, ,8777 Collins Ave,Miami Beach,FL,33154,3405,8777 COLLINS AVE 1105,"Surfside,FL 33154",,3000,3000,,,7953.39,2020,,,,1400,,,,,,,,,1105,,,,,,,,,,,,,,CHAMPLAIN TOWERS SOUTH CONDO UNIT 1105 UNDIV .007126% INT IN COMMON ELEMENTS OFF REC 11191-35 OR 19576-1834 0201 1,,1,,,,,,,,,Apt,1105,C005,,25.872939,-80.120771,1.21E+14,,,,1,Y,Ops,High,0,1001559308,-1,
337999,D3C4E101-0000-0000-2F36-000000000000,31573203,12086,FL,Miami Dade,7/1/20,102020,28,SII,14-2235-025-0560,,1.42E+12,1,,,,,MP,,,8777,, ,Collins,Ave, ,8777 Collins Ave,Miami Beach,FL,33154,3406,8777 COLLINS AVE PH-5,"Surfside,FL 33154",,3000,3000,,,5295.52,2020,,,,1400,,,,,,,,,PH-5,,5,,,,,,,,,,,,CHAMPLAIN TOWERS SOUTH CONDO UNIT PH-5 UNDIV .007126% INT IN COMMON ELEMENTS OFF REC 11191-35 OR 20567-2064 0702 1,,1,,,,,,,,,Penthouse,5,C005,,25.872939,-80.120771,1.21E+14,,,,1,S,Ops,High,0,1001559308,-1,
338000,D4C4E101-0000-0000-2F36-000000000000,31573204,12086,FL,Miami Dade,7/1/20,102020,28,SII,14-2235-025-0570,,1.42E+12,1,,,,,MP,,,8777,, ,Collins,Ave, ,8777 Collins Ave,Miami Beach,FL,33154,3408,8777 COLLINS AVE 206,"Surfside,FL 33154",,3000,3000,,,5362.25,2020,,,,1400,,,,,,,,,206,,,,,,,,,,,,,,CHAMPLAIN TOWERS SOUTH CONDO UNIT 206 UNDIV .005346% INT IN COMMON ELEMENTS OFF REC 11191-35 OR 20168-3669 1101 1,,1,,,,,,,,,Apt,206,C005,,25.872939,-80.120771,1.21E+14,,,,1,Y,Ops,High,0,1001559308,-1,
338001,D5C4E101-0000-0000-2F36-000000000000,31573205,12086,FL,Miami Dade,7/1/20,102020,28,SII,14-2235-025-0580,,1.42E+12,1,,,,,MP,,,8777,, ,Collins,Ave, ,8777 Collins Ave,Miami Beach,FL,33154,3408,8777 COLLINS AVE 306,"Surfside,FL 33154",,3000,3000,,,5404.29,2020,,,,1400,,,,,,,,,306,,,,,,,,,,,,,,CHAMPLAIN TOWERS SOUTH CONDO UNIT 306 UNDIV .005346% INT IN COMMON ELEMENTS OFF REC 11191-35 OR 19778-495 0701 1,,1,,,,,,,,,Apt,306,C005,,25.872939,-80.120771,1.21E+14,,,,1,Y,Ops,High,0,1001559308,-1,
338002,D6C4E101-0000-0000-2F36-000000000000,31573206,12086,FL,Miami Dade,7/1/20,102020,28,SII,14-2235-025-0590,,1.42E+12,1,,,,,MP,,,8777,, ,Collins,Ave, ,8777 Collins Ave,Miami Beach,FL,33154, ,8777 COLLINS AVE 406,"Surfside,FL 33154",,3000,3000,,,3031.5,2020,,,,1400,,,,,,,,,406,,,,,,,,,,,,,,CHAMPLAIN TOWERS SOUTH CONDO UNIT 406 UNDIV .005346% INT IN COMMON ELEMENTS OFF REC 11191-35 OR 20713-0605 09 2002 1,,1,,,,,,,,,Apt,406, ,,25.872939,-80.120771,1.21E+14,,,,1, ,Ops,High,0,1001559308,-1,
338003,D7C4E101-0000-0000-2F36-000000000000,31573207,12086,FL,Miami Dade,7/1/20,102020,28,SII,14-2235-025-0600,,1.42E+12,1,,,,,MP,,,8777,, ,Collins,Ave, ,8777 Collins Ave,Miami Beach,FL,33154,3400,8777 COLLINS AVE 506,"Surfside,FL 33154",,3000,3000,,,2122.7,2020,,,,1400,,,,,,,,,506,,,,,,,,,,,,,,CHAMPLAIN TOWERS SOUTH CONDO UNIT 506 UNDIV .005346% INT IN COMMON ELEMENTS OFF REC 11191-35 OR 17459-4635 1296 4,,1,,,,,,,,,Apt,506,C005,,25.872939,-80.120771,1.21E+14,,,,1,Y,Ops,High,0,1001559308,-1,
338004,D8C4E101-0000-0000-2F36-000000000000,31573208,12086,FL,Miami Dade,7/1/20,102020,28,SII,14-2235-025-0610,,1.42E+12,1,,,,,MP,,,8777,, ,Collins,Ave, ,8777 Collins Ave,Miami Beach,FL,33154,3400,8777 COLLINS AVE 606,"Surfside,FL 33154",,3000,3000,,,5772.91,2020,,,,1400,,,,,,,,,606,,,,,,,,,,,,,,CHAMPLAIN TOWERS SOUTH CONDO UNIT 606 UNDIV .005346% INT IN COMMON ELEMENTS OFF REC 11191-35 OR 13498-808 0187 5,,1,,,,,,,,,Apt,606,C005,,25.872939,-80.120771,1.21E+14,,,,1,Y,Ops,High,0,1001559308,-1,
338005,D9C4E101-0000-0000-2F36-000000000000,31573209,12086,FL,Miami Dade,7/1/20,102020,28,SII,14-2235-025-0620,,1.42E+12,1,,,,,MP,,,8777,, ,Collins,Ave, ,8777 Collins Ave,Miami Beach,FL,33154,3401,8777 COLLINS AVE 706,"Surfside,FL 33154",,3000,3000,,,2692.3,2020,,,,1400,,,,,,,,,706,,,,,,,,,,,,,,CHAMPLAIN TOWERS SOUTH CONDO UNIT 706 UNDIV .005346% INT IN COMMON ELEMENTS OFF REC 11191-35 OR 20787-0036 1002 1,,1,,,,,,,,,Apt,706,C005,,25.872939,-80.120771,1.21E+14,,,,1,Y,Ops,High,0,1001559308,-1,
338006,DAC4E101-0000-0000-2F36-000000000000,31573210,12086,FL,Miami Dade,7/1/20,102020,28,SII,14-2235-025-0630,,1.42E+12,1,,,,,MP,,,8777,, ,Collins,Ave, ,8777 Collins Ave,Miami Beach,FL,33154,3401,8777 COLLINS AVE 806,"Surfside,FL 33154",,3000,3000,,,5864.42,2020,,,,1400,,,,,,,,,806,,,,,,,,,,,,,,CHAMPLAIN TOWERS SOUTH CONDO UNIT 806 UNDIV .005346% INT IN COMMON ELEMENTS OFF REC 11191-35 OR 18856-979 1099 1,,1,,,,,,,,,Apt,806,C005,,25.872939,-80.120771,1.21E+14,,,,1,Y,Ops,High,0,1001559308,-1,
338007,DBC4E101-0000-0000-2F36-000000000000,31573211,12086,FL,Miami Dade,7/1/20,102020,28,SII,14-2235-025-0640,,1.42E+12,1,,,,,MP,,,8777,, ,Collins,Ave, ,8777 Collins Ave,Miami Beach,FL,33154,3401,8777 COLLINS AVE 906,"Surfside,FL 33154",,3000,3000,,,6245.04,2020,,,,1400,,,,,,,,,906,,,,,,,,,,,,,,CHAMPLAIN TOWERS SOUTH CONDO UNIT 906 UNDIV .005346% INT IN COMMON ELEMENTS OFF REC 11191-35 OR 19621-593 0401 3,,1,,,,,,,,,Apt,906,C005,,25.872939,-80.120771,1.21E+14,,,,1,Y,Ops,High,0,1001559308,-1,
338008,DCC4E101-0000-0000-2F36-000000000000,31573212,12086,FL,Miami Dade,7/1/20,102020,28,SII,14-2235-025-0650,,1.42E+12,1,,,,,MP,,,8777,, ,Collins,Ave, ,8777 Collins Ave,Miami Beach,FL,33154,3402,8777 COLLINS AVE 1006,"Surfside,FL 33154",,3000,3000,,,4010.58,2020,,,,1400,,,,,,,,,1006,,,,,,,,,,,,,,CHAMPLAIN TOWERS SOUTH CONDO UNIT 1006 UNDIV .005346% INT IN COMMON ELEMENTS OFF REC 11191-35 OR 16836-3945 0795 1,,1,,,,,,,,,Apt,1006,C005,,25.872939,-80.120771,1.21E+14,,,,1,Y,Ops,High,0,1001559308,-1,
338009,DDC4E101-0000-0000-2F36-000000000000,31573213,12086,FL,Miami Dade,7/1/20,102020,28,SII,14-2235-025-0660,,1.42E+12,1,,,,,MP,,,8777,, ,Collins,Ave, ,8777 Collins Ave,Miami Beach,FL,33154,3405,8777 COLLINS AVE 1106,"Surfside,FL 33154",,3000,3000,,,6370.57,2020,,,,1400,,,,,,,,,1106,,,,,,,,,,,,,,CHAMPLAIN TOWERS SOUTH CONDO UNIT 1106 UNDIV .005346% INT IN COMMON ELEMENTS OFF REC 11191-35 OR 16666-1551 0195 1,,1,,,,,,,,,Apt,1106,C005,,25.872939,-80.120771,1.21E+14,,,,1,Y,Ops,High,0,1001559308,-1,
338010,DEC4E101-0000-0000-2F36-000000000000,31573214,12086,FL,Miami Dade,7/1/20,102020,28,SII,14-2235-025-0670,,1.42E+12,1,,,,,MP,,,8777,, ,Collins,Ave, ,8777 Collins Ave,Miami Beach,FL,33154,3406,8777 COLLINS AVE PH6,"Surfside,FL 33154",,3000,3000,,,6434.26,2020,,,,1400,,,,,,,,,PH-6,,6,,,,,,,,,,,,CHAMPLAIN TOWERS SOUTH CONDO UNIT PH-6 UNDIV .005346% INT IN COMMON ELEMENTS OFF REC 11191-35 OR 17754-2360 17958-3659 0897 1,,1,,,,,,,,,Penthouse,6,C005,,25.872939,-80.120771,1.21E+14,,,,1,S,Ops,High,0,1001559308,-1,
338011,DFC4E101-0000-0000-2F36-000000000000,31573215,12086,FL,Miami Dade,7/1/20,102020,28,SII,14-2235-025-0680,,1.42E+12,1,,,,,MP,,,8777,, ,Collins,Ave, ,8777 Collins Ave,Miami Beach,FL,33154,3401,8777 COLLINS AVE 207,"Surfside,FL 33154",,3000,3000,,,5362.25,2020,,,,1400,,,,,,,,,207,,,,,,,,,,,,,,CHAMPLAIN TOWERS SOUTH CONDO UNIT 207 UNDIV .005346% INT IN COMMON ELEMENTS OFF REC 11191-35 OR 18826-3178 0999 1,,1,,,,,,,,,Apt,207,C005,,25.872939,-80.120771,1.21E+14,,,,1,Y,Ops,High,0,1001559308,-1,
338012,E0C4E101-0000-0000-2F36-000000000000,31573216,12086,FL,Miami Dade,7/1/20,102020,28,SII,14-2235-025-0690,,1.42E+12,1,,,,,MP,,,8777,, ,Collins,Ave, ,8777 Collins Ave,Miami Beach,FL,33154,3408,8777 COLLINS AVE 307,"Surfside,FL 33154",,3000,3000,,,5404.29,2020,,,,1400,,,,,,,,,307,,,,,,,,,,,,,,CHAMPLAIN TOWERS SOUTH CONDO UNIT 307 UNDIV .005346% INT IN COMMON ELEMENTS OFF REC 11191-35 OR 16003-4985 0793 1,,1,,,,,,,,,Apt,307,C005,,25.872939,-80.120771,1.21E+14,,,,1,Y,Ops,High,0,1001559308,-1,
338013,E1C4E101-0000-0000-2F36-000000000000,31573217,12086,FL,Miami Dade,7/1/20,102020,28,SII,14-2235-025-0700,,1.42E+12,1,,,,,MP,,,8777,, ,Collins,Ave, ,8777 Collins Ave,Miami Beach,FL,33154,3408,8777 COLLINS AVE 407,"Surfside,FL 33154",,3000,3000,,,5634.11,2020,,,,1400,,,,,,,,,407,,,,,,,,,,,,,,CHAMPLAIN TOWERS SOUTH CONDO UNIT 407 UNDIV .005346% INT IN COMMON ELEMENTS OFF REC 11191-35 OR 14867-2125 0191 1,,1,,,,,,,,,Apt,407,C005,,25.872939,-80.120771,1.21E+14,,,,1,Y,Ops,High,0,1001559308,-1,
338014,E2C4E101-0000-0000-2F36-000000000000,31573218,12086,FL,Miami Dade,7/1/20,102020,28,SII,14-2235-025-0710,,1.42E+12,1,,,,,MP,,,8777,, ,Collins,Ave, ,8777 Collins Ave,Miami Beach,FL,33154,3400,8777 COLLINS AVE 507,"Surfside,FL 33154",,3000,3000,,,5678.77,2020,,,,1400,,,,,,,,,507,,,,,,,,,,,,,,CHAMPLAIN TOWERS SOUTH CONDO UNIT 507 UNDIV .005346% INT IN COMMON ELEMENTS OFF REC 11191-35 OR 13498-806 0187 5,,1,,,,,,,,,Apt,507,C005,,25.872939,-80.120771,1.21E+14,,,,1,Y,Ops,High,0,1001559308,-1,
338015,E3C4E101-0000-0000-2F36-000000000000,31573219,12086,FL,Miami Dade,7/1/20,102020,28,SII,14-2235-025-0720,,1.42E+12,1,,,,,MP,,,8777,, ,Collins,Ave, ,8777 Collins Ave,Miami Beach,FL,33154,3400,8777 COLLINS AVE 607,"Surfside,FL 33154",,3000,3000,,,1673.16,2020,,,,1400,,,,,,,,,607,,,,,,,,,,,,,,CHAMPLAIN TOWERS SOUTH CONDO UNIT 607 UNDIV .005346% INT IN COMMON ELEMENTS OFF REC 11191-35 OR 18877-1146 1199 1,,1,,,,,,,,,Apt,607,C005,,25.872939,-80.120771,1.21E+14,,,,1,Y,Ops,High,0,1001559308,-1,
338016,E4C4E101-0000-0000-2F36-000000000000,31573220,12086,FL,Miami Dade,7/1/20,102020,28,SII,14-2235-025-0730,,1.42E+12,1,,,,,MP,,,8777,, ,Collins,Ave, ,8777 Collins Ave,Miami Beach,FL,33154,3401,8777 COLLINS AVE 707,"Surfside,FL 33154",,3000,3000,,,5818.6,2020,,,,1400,,,,,,,,,707,,,,,,,,,,,,,,CHAMPLAIN TOWERS SOUTH CONDO UNIT 707 UNDIV .005346% INT IN COMMON ELEMENTS OFF REC 11191-35 OR 17945-1721 1297 4,,1,,,,,,,,,Apt,707,C005,,25.872939,-80.120771,1.21E+14,,,,1,Y,Ops,High,0,1001559308,-1,
338017,E5C4E101-0000-0000-2F36-000000000000,31573221,12086,FL,Miami Dade,7/1/20,102020,28,SII,14-2235-025-0740,,1.42E+12,1,,,,,MP,,,8777,, ,Collins,Ave, ,8777 Collins Ave,Miami Beach,FL,33154,3401,8777 COLLINS AVE 807,"Surfside,FL 33154",,3000,3000,,,6183.22,2020,,,,1400,,,,,,,,,807,,,,,,,,,,,,,,CHAMPLAIN TOWERS SOUTH CONDO UNIT 807 UNDIV .005346% INT IN COMMON ELEMENTS OFF REC 11191-35 OR 11254-1466 1081 1,,1,,,,,,,,,Apt,807,C005,,25.872939,-80.120771,1.21E+14,,,,1,Y,Ops,High,0,1001559308,-1,
338018,E6C4E101-0000-0000-2F36-000000000000,31573222,12086,FL,Miami Dade,7/1/20,102020,28,SII,14-2235-025-0750,,1.42E+12,1,,,,,MP,,,8777,, ,Collins,Ave, ,8777 Collins Ave,Miami Beach,FL,33154,3402,8777 COLLINS AVE 907,"Surfside,FL 33154",,3000,3000,,,3797.3,2020,,,,1400,,,,,,,,,907,,,,,,,,,,,,,,CHAMPLAIN TOWERS SOUTH CONDO UNIT 907 UNDIV .005346% INT IN COMMON ELEMENTS OFF REC 11191-35 OR 21068-3312 02 2003 1,,1,,,,,,,,,Apt,907,C005,,25.872939,-80.120771,1.21E+14,,,,1,Y,Ops,High,0,1001559308,-1,
338019,E7C4E101-0000-0000-2F36-000000000000,31573223,12086,FL,Miami Dade,7/1/20,102020,28,SII,14-2235-025-0760,,1.42E+12,1,,,,,MP,,,8777,, ,Collins,Ave, ,8777 Collins Ave,Miami Beach,FL,33154,3402,8777 COLLINS AVE 1007,"Surfside,FL 33154",,3000,3000,,,2020.73,2020,,,,1400,,,,,,,,,1007,,,,,,,,,,,,,,CHAMPLAIN TOWERS SOUTH CONDO UNIT 1007 UNDIV .005346% INT IN COMMON ELEMENTS OFF REC 11191-35 OR 15259-2094 0891 6,,1,,,,,,,,,Apt,1007,C005,,25.872939,-80.120771,1.21E+14,,,,1,Y,Ops,High,0,1001559308,-1,
338020,E8C4E101-0000-0000-2F36-000000000000,31573224,12086,FL,Miami Dade,7/1/20,102020,28,SII,14-2235-025-0770,,1.42E+12,1,,,,,MP,,,8777,, ,Collins,Ave, ,8777 Collins Ave,Miami Beach,FL,33154,3405,8777 COLLINS AVE 1107,"Surfside,FL 33154",,3000,3000,,,6002.11,2020,,,,1400,,,,,,,,,1107,,,,,,,,,,,,,,CHAMPLAIN TOWERS SOUTH CONDO UNIT 1107 UNDIV .005346% INT IN COMMON ELEMENTS OFF REC 11191-35 OR 14516-2478 0490 1,,1,,,,,,,,,Apt,1107,C005,,25.872939,-80.120771,1.21E+14,,,,1,Y,Ops,High,0,1001559308,-1,
338021,E9C4E101-0000-0000-2F36-000000000000,31573225,12086,FL,Miami Dade,7/1/20,102020,28,SII,14-2235-025-0780,,1.42E+12,1,,,,,MP,,,8777,, ,Collins,Ave, ,8777 Collins Ave,Miami Beach,FL,33154,3406,8777 COLLINS AVE PH-7,"Surfside,FL 33154",,3000,3000,,,6434.26,2020,,,,1400,,,,,,,,,PH-7,,7,,,,,,,,,,,,CHAMPLAIN TOWERS SOUTH CONDO UNIT PH-7 UNDIV .005346% INT IN COMMON ELEMENTS OFF REC 11191-35 OR 13829-1054 0988 1,,1,,,,,,,,,Penthouse,7,C005,,25.872939,-80.120771,1.21E+14,,,,1,S,Ops,High,0,1001559308,-1,
338022,EBC4E101-0000-0000-2F36-000000000000,31573227,12086,FL,Miami Dade,7/1/20,102020,28,SII,14-2235-025-0800,,1.42E+12,1,,,,,MP,,,8777,, ,Collins,Ave, ,8777 Collins Ave,Miami Beach,FL,33154,3408,8777 COLLINS AVE 308,"Surfside,FL 33154",,3000,3000,,,7478.74,2020,,,,1400,,,,,,,,,308,,,,,,,,,,,,,,CHAMPLAIN TOWERS SOUTH CONDO UNIT 308 UNDIV .007698% INT IN COMMON ELEMENTS OFF REC 11191-35 OR 12400-2817 0185 1,,1,,,,,,,,,Apt,308,C005,,25.872939,-80.120771,1.21E+14,,,,1,Y,Ops,High,0,1001559308,-1,
338023,ECC4E101-0000-0000-2F36-000000000000,31573228,12086,FL,Miami Dade,7/1/20,102020,28,SII,14-2235-025-0810,,1.42E+12,1,,,,,MP,,,8777,, ,Collins,Ave, ,8777 Collins Ave,Miami Beach,FL,33154,3401,8777 COLLINS AVE 408,"Surfside,FL 33154",,3000,3000,,,7562.5,2020,,,,1400,,,,,,,,,408,,,,,,,,,,,,,,CHAMPLAIN TOWERS SOUTH CONDO UNIT 408 UNDIV .007698% INT IN COMMON ELEMENTS OFF REC 11191-35 OR 19172-4976 0600 1,,1,,,,,,,,,Apt,408,C005,,25.872939,-80.120771,1.21E+14,,,,1,Y,Ops,High,0,1001559308,-1,
338024,EDC4E101-0000-0000-2F36-000000000000,31573229,12086,FL,Miami Dade,7/1/20,102020,28,SII,14-2235-025-0820,,1.42E+12,1,,,,,MP,,,8777,, ,Collins,Ave, ,8777 Collins Ave,Miami Beach,FL,33154,3400,8777 COLLINS AVE 508,"Surfside,FL 33154",,3000,3000,,,8458.59,2020,,,,1400,,,,,,,,,508,,,,,,,,,,,,,,CHAMPLAIN TOWERS SOUTH CONDO UNIT 508 UNDIV .007698% INT IN COMMON ELEMENTS OFF REC 11191-35 OR 19658-2699 0401 1,,1,,,,,,,,,Apt,508,C005,,25.872939,-80.120771,1.21E+14,,,,1,Y,Ops,High,0,1001559308,-1,
338025,EEC4E101-0000-0000-2F36-000000000000,31573230,12086,FL,Miami Dade,7/1/20,102020,28,SII,14-2235-025-0830,,1.42E+12,1,,,,,MP,,,8777,, ,Collins,Ave, ,8777 Collins Ave,Miami Beach,FL,33154,3400,8777 COLLINS AVE 608,"Surfside,FL 33154",,3000,3000,,,8663.51,2020,,,,1400,,,,,,,,,608,,,,,,,,,,,,,,CHAMPLAIN TOWERS SOUTH CONDO UNIT 608 UNDIV .007698% INT IN COMMON ELEMENTS OFF REC 11191-35 OR 18529-465 0399 1,,1,,,,,,,,,Apt,608,C005,,25.872939,-80.120771,1.21E+14,,,,1,Y,Ops,High,0,1001559308,-1,
338026,EFC4E101-0000-0000-2F36-000000000000,31573231,12086,FL,Miami Dade,7/1/20,102020,28,SII,14-2235-025-0840,,1.42E+12,1,,,,,MP,,,8777,, ,Collins,Ave, ,8777 Collins Ave,Miami Beach,FL,33154,3401,8777 COLLINS AVE 708,"Surfside,FL 33154",,3000,3000,,,8708.11,2020,,,,1400,,,,,,,,,708,,,,,,,,,,,,,,CHAMPLAIN TOWERS SOUTH CONDO UNIT 708 UNDIV .007698% INT IN COMMON ELEMENTS OFF REC 11191-35 OR 18393-778 1298 1,,1,,,,,,,,,Apt,708,C005,,25.872939,-80.120771,1.21E+14,,,,1,Y,Ops,High,0,1001559308,-1,
338027,F0C4E101-0000-0000-2F36-000000000000,31573232,12086,FL,Miami Dade,7/1/20,102020,28,SII,14-2235-025-0850,,1.42E+12,1,,,,,MP,,,8777,, ,Collins,Ave, ,8777 Collins Ave,Miami Beach,FL,33154,3401,8777 COLLINS AVE 808,"Surfside,FL 33154",,3000,3000,,,8754.69,2020,,,,1400,,,,,,,,,808,,,,,,,,,,,,,,CHAMPLAIN TOWERS SOUTH CONDO UNIT 808 UNDIV .007698% INT IN COMMON ELEMENTS OFF REC 11191-35 OR 18953-4354 0100 1,,1,,,,,,,,,Apt,808,C005,,25.872939,-80.120771,1.21E+14,,,,1,Y,Ops,High,0,1001559308,-1,
338028,F1C4E101-0000-0000-2F36-000000000000,31573233,12086,FL,Miami Dade,7/1/20,102020,28,SII,14-2235-025-0860,,1.42E+12,1,,,,,MP,,,8777,, ,Collins,Ave, ,8777 Collins Ave,Miami Beach,FL,33154,3402,8777 COLLINS AVE 908,"Surfside,FL 33154",,3000,3000,,,7989.74,2020,,,,1400,,,,,,,,,908,,,,,,,,,,,,,,CHAMPLAIN TOWERS SOUTH CONDO UNIT 908 UNDIV .007698% INT IN COMMON ELEMENTS OFF REC 11191-35 OR 17862-1269 1097 1,,1,,,,,,,,,Apt,908,C005,,25.872939,-80.120771,1.21E+14,,,,1,Y,Ops,High,0,1001559308,-1,
338029,F2C4E101-0000-0000-2F36-000000000000,31573234,12086,FL,Miami Dade,7/1/20,102020,28,SII,14-2235-025-0870,,1.42E+12,1,,,,,MP,,,8777,, ,Collins,Ave, ,8777 Collins Ave,Miami Beach,FL,33154,3402,8777 COLLINS AVE 1008,"Surfside,FL 33154",,3000,3000,,,8847.8,2020,,,,1400,,,,,,,,,1008,,,,,,,,,,,,,,CHAMPLAIN TOWERS SOUTH CONDO UNIT 1008 UNDIV .007698% INT IN COMMON ELEMENTS OFF REC 11191-35 OR 11301-1067 1281 1,,1,,,,,,,,,Apt,1008,C005,,25.872939,-80.120771,1.21E+14,,,,1,Y,Ops,High,0,1001559308,-1,
338030,F3C4E101-0000-0000-2F36-000000000000,31573235,12086,FL,Miami Dade,7/1/20,102020,28,SII,14-2235-025-0880,,1.42E+12,1,,,,,MP,,,8777,, ,Collins,Ave, ,8777 Collins Ave,Miami Beach,FL,33154,3401,8777 COLLINS AVE 1108,"Surfside,FL 33154",,3000,3000,,,8890.47,2020,,,,1400,,,,,,,,,1108,,,,,,,,,,,,,,CHAMPLAIN TOWERS SOUTH CONDO UNIT 1108 UNDIV .007698% INT IN COMMON ELEMENTS OFF REC 11191-35 OR 14556-207 0590 4,,1,,,,,,,,,Apt,1108,C005,,25.872939,-80.120771,1.21E+14,,,,1,Y,Ops,High,0,1001559308,-1,
338031,F4C4E101-0000-0000-2F36-000000000000,31573236,12086,FL,Miami Dade,7/1/20,102020,28,SII,14-2235-025-0890,,1.42E+12,1,,,,,MP,,,8777,, ,Collins,Ave, ,8777 Collins Ave,Miami Beach,FL,33154,3406,8777 COLLINS AVE PH-8,"Surfside,FL 33154",,3000,3000,,,6049.03,2020,,,,1400,,,,,,,,,PH-8,,8,,,,,,,,,,,,CHAMPLAIN TOWERS SOUTH CONDO UNIT PH-8 UNDIV .007698% INT IN COMMON ELEMENTS OFF REC 11191-35 OR 11387-1867 0382 1,,1,,,,,,,,,Penthouse,8,C005,,25.872939,-80.120771,1.21E+14,,,,1,S,Ops,High,0,1001559308,-1,
338032,F5C4E101-0000-0000-2F36-000000000000,31573237,12086,FL,Miami Dade,7/1/20,102020,28,SII,14-2235-025-0900,,1.42E+12,1,,,,,MP,,,8777,, ,Collins,Ave, ,8777 Collins Ave,Miami Beach,FL,33154,3408,8777 COLLINS AVE 209,"Surfside,FL 33154",,3000,3000,,,15541.03,2020,,,,1400,,,,,,,,,209&208,,,,,,,,,,,,,,CHAMPLAIN TOWERS SOUTH CONDO UNITS 209 & 208 UNDIV .007698% & 0.007698% INT IN COMMON ELEMENTS OFF REC 11191-35 OR 17544-2341 0297 5,,1,,,,,,,,,Apt,209,C005,,25.872939,-80.120771,1.21E+14,,,,1,Y,Ops,High,0,1001559308,-1,
338033,F6C4E101-0000-0000-2F36-000000000000,31573238,12086,FL,Miami Dade,7/1/20,102020,28,SII,14-2235-025-0910,,1.42E+12,1,,,,,MP,,,8777,, ,Collins,Ave, ,8777 Collins Ave,Miami Beach,FL,33154,3408,8777 COLLINS AVE 309,"Surfside,FL 33154",,3000,3000,,,8016.29,2020,,,,1400,,,,,,,,,309,,,,,,,,,,,,,,CHAMPLAIN TOWERS SOUTH CONDO UNIT 309 UNDIV .007698% INT IN COMMON ELEMENTS OFF REC 11191-35 OR 18774-4880 0999 1,,1,,,,,,,,,Apt,309,C005,,25.872939,-80.120771,1.21E+14,,,,1,Y,Ops,High,0,1001559308,-1,
338034,F7C4E101-0000-0000-2F36-000000000000,31573239,12086,FL,Miami Dade,7/1/20,102020,28,SII,14-2235-025-0920,,1.42E+12,1,,,,,MP,,,8777,, ,Collins,Ave, ,8777 Collins Ave,Miami Beach,FL,33154,3401,8777 COLLINS AVE 409,"Surfside,FL 33154",,3000,3000,,,10939.98,2020,,,,1400,,,,,,,,,409,,,,,,,,,,,,,,CHAMPLAIN TOWERS SOUTH CONDO UNIT 409 UNDIV .007698% INT IN COMMON ELEMENTS OFF REC 11191-35 OR 18029-0824 0398 1,,1,,,,,,,,,Apt,409,C005,,25.872939,-80.120771,1.21E+14,,,,1,Y,Ops,High,0,1001559308,-1,
338035,F8C4E101-0000-0000-2F36-000000000000,31573240,12086,FL,Miami Dade,7/1/20,102020,28,SII,14-2235-025-0930,,1.42E+12,1,,,,,MP,,,8777,, ,Collins,Ave, ,8777 Collins Ave,Miami Beach,FL,33154,3400,8777 COLLINS AVE 509,"Surfside,FL 33154",,3000,3000,,,4452.35,2020,,,,1400,,,,,,,,,509,,,,,,,,,,,,,,CHAMPLAIN TOWERS SOUTH CONDO UNIT 509 UNDIV .007698% INT IN COMMON ELEMENTS OFF REC 11191-35 OR 11978-1424 1083 1,,1,,,,,,,,,Apt,509,C005,,25.872939,-80.120771,1.21E+14,,,,1,Y,Ops,High,0,1001559308,-1,
338036,F9C4E101-0000-0000-2F36-000000000000,31573241,12086,FL,Miami Dade,7/1/20,102020,28,SII,14-2235-025-0940,,1.42E+12,1,,,,,MP,,,8777,, ,Collins,Ave, ,8777 Collins Ave,Miami Beach,FL,33154,3400,8777 COLLINS AVE 609,"Surfside,FL 33154",,3000,3000,,,11158.5,2020,,,,1400,,,,,,,,,609,,,,,,,,,,,,,,CHAMPLAIN TOWERS SOUTH CONDO UNIT 609 UNDIV .007698% INT IN COMMON ELEMENTS OFF REC 11191-35 OR 18121-1846 0398 4,,1,,,,,,,,,Apt,609,C005,,25.872939,-80.120771,1.21E+14,,,,1,Y,Ops,High,0,1001559308,-1,
338037,FAC4E101-0000-0000-2F36-000000000000,31573242,12086,FL,Miami Dade,7/1/20,102020,28,SII,14-2235-025-0950,,1.42E+12,1,,,,,MP,,,8777,, ,Collins,Ave, ,8777 Collins Ave,Miami Beach,FL,33154,3401,8777 COLLINS AVE 709,"Surfside,FL 33154",,3000,3000,,,11268.72,2020,,,,1400,,,,,,,,,709,,,,,,,,,,,,,,CHAMPLAIN TOWERS SOUTH CONDO UNIT 709 UNDIV .007698% INT IN COMMON ELEMENTS OFF REC 11191-35 OR 20275-1206 0302 3,,1,,,,,,,,,Apt,709,C005,,25.872939,-80.120771,1.21E+14,,,,1,Y,Ops,High,0,1001559308,-1,
338038,FBC4E101-0000-0000-2F36-000000000000,31573243,12086,FL,Miami Dade,7/1/20,102020,28,SII,14-2235-025-0960,,1.42E+12,1,,,,,MP,,,8777,, ,Collins,Ave, ,8777 Collins Ave,Miami Beach,FL,33154,3401,8777 COLLINS AVE 809,"Surfside,FL 33154",,3000,3000,,,11382.74,2020,,,,1400,,,,,,,,,809,,,,,,,,,,,,,,CHAMPLAIN TOWERS SOUTH CONDO UNIT 809 UNDIV .007698% INT IN COMMON ELEMENTS OFF REC 11191-35 OR 16983-3599 1195 1,,1,,,,,,,,,Apt,809,C005,,25.872939,-80.120771,1.21E+14,,,,1,Y,Ops,High,0,1001559308,-1,
338039,FCC4E101-0000-0000-2F36-000000000000,31573244,12086,FL,Miami Dade,7/1/20,102020,28,SII,14-2235-025-0970,,1.42E+12,1,,,,,MP,,,8777,, ,Collins,Ave, ,8777 Collins Ave,Miami Beach,FL,33154,3402,8777 COLLINS AVE 909,"Surfside,FL 33154",,3000,3000,,,11496.76,2020,,,,1400,,,,,,,,,909,,,,,,,,,,,,,,CHAMPLAIN TOWERS SOUTH CONDO UNIT 909 UNDIV .007698% INT IN COMMON ELEMENTS OFF REC 11191-35 OR 15881-0647 0493 5,,1,,,,,,,,,Apt,909,C005,,25.872939,-80.120771,1.21E+14,,,,1,Y,Ops,High,0,1001559308,-1,
338040,FDC4E101-0000-0000-2F36-000000000000,31573245,12086,FL,Miami Dade,7/1/20,102020,28,SII,14-2235-025-0980,,1.42E+12,1,,,,,MP,,,8777,, ,Collins,Ave, ,8777 Collins Ave,Miami Beach,FL,33154,3402,8777 COLLINS AVE 1009,"Surfside,FL 33154",,3000,3000,,,11610.8,2020,,,,1400,,,,,,,,,1009,,,,,,,,,,,,,,CHAMPLAIN TOWERS SOUTH CONDO UNIT 1009 UNDIV .007698% INT IN COMMON ELEMENTS OFF REC 11191-35 OR 15690-1805 1092 1,,1,,,,,,,,,Apt,1009,C005,,25.872939,-80.120771,1.21E+14,,,,1,Y,Ops,High,0,1001559308,-1,
338041,FEC4E101-0000-0000-2F36-000000000000,31573246,12086,FL,Miami Dade,7/1/20,102020,28,SII,14-2235-025-0990,,1.42E+12,1,,,,,MP,,,8777,, ,Collins,Ave, ,8777 Collins Ave,Miami Beach,FL,33154,3405,8777 COLLINS AVE 1109,"Surfside,FL 33154",,3000,3000,,,11726.69,2020,,,,1400,,,,,,,,,1109,,,,,,,,,,,,,,CHAMPLAIN TOWERS SOUTH CONDO UNIT 1109 UNDIV .007698% INT IN COMMON ELEMENTS OFF REC 11191-35 OR 17362-2986 0996 1,,1,,,,,,,,,Apt,1109,C005,,25.872939,-80.120771,1.21E+14,,,,1,Y,Ops,High,0,1001559308,-1,
338042,FFC4E101-0000-0000-2F36-000000000000,31573247,12086,FL,Miami Dade,7/1/20,102020,28,SII,14-2235-025-1000,,1.42E+12,1,,,,,MP,,,8777,, ,Collins,Ave, ,8777 Collins Ave,Miami Beach,FL,33154,3406,8777 COLLINS AVE PH9,"Surfside,FL 33154",,3000,3000,,,12199.88,2020,,,,1400,,,,,,,,,PH-9,,9,,,,,,,,,,,,CHAMPLAIN TOWERS SOUTH CONDO UNIT PH-9 UNDIV .007698% INT IN COMMON ELEMENTS OFF REC 11191-35 OR 18713-750 0799 1,,1,,,,,,,,,Penthouse,9,C005,,25.872939,-80.120771,1.21E+14,,,,1,S,Ops,High,0,1001559308,-1,
338043,00C5E101-0000-0000-2F36-000000000000,31573248,12086,FL,Miami Dade,7/1/20,102020,28,SII,14-2235-025-1010,,1.42E+12,1,,,,,MP,,,8777,, ,Collins,Ave, ,8777 Collins Ave,Miami Beach,FL,33154,3408,8777 COLLINS AVE 210,"Surfside,FL 33154",,3000,3000,,,8155.23,2020,,,,1400,,,,,,,,,210,,,,,,,,,,,,,,CHAMPLAIN TOWERS SOUTH CONDO UNIT 210 UNDIV .007786% INT IN COMMON ELEMENTS OFF REC 11191-35 OR 11301-1071 1181 1,,1,,,,,,,,,Apt,210,C005,,25.872939,-80.120771,1.21E+14,,,,1,Y,Ops,High,0,1001559308,-1,
338044,01C5E101-0000-0000-2F36-000000000000,31573249,12086,FL,Miami Dade,7/1/20,102020,28,SII,14-2235-025-1020,,1.42E+12,1,,,,,MP,,,8777,, ,Collins,Ave, ,8777 Collins Ave,Miami Beach,FL,33154,3408,8777 COLLINS AVE 310,"Surfside,FL 33154",,3000,3000,,,10433.78,2020,,,,1400,,,,,,,,,310,,,,,,,,,,,,,,CHAMPLAIN TOWERS SOUTH CONDO UNIT 310 UNDIV .007786% INT IN COMMON ELEMENTS OFF REC 11191-35 OR 20333-2083 0302 1,,1,,,,,,,,,Apt,310,C005,,25.872939,-80.120771,1.21E+14,,,,1,Y,Ops,High,0,1001559308,-1,
338045,02C5E101-0000-0000-2F36-000000000000,31573250,12086,FL,Miami Dade,7/1/20,102020,28,SII,14-2235-025-1030,,1.42E+12,1,,,,,MP,,,8777,, ,Collins,Ave, ,8777 Collins Ave,Miami Beach,FL,33154,3400,8777 COLLINS AVE 410,"Surfside,FL 33154",,3000,3000,,,11063.56,2020,,,,1400,,,,,,,,,410,,,,,,,,,,,,,,CHAMPLAIN TOWERS SOUTH CONDO UNIT 410 UNDIV .007786% INT IN COMMON ELEMENTS OFF REC 11191-35 OR 11494-1524 0682 5,,1,,,,,,,,,Apt,410,C005,,25.872939,-80.120771,1.21E+14,,,,1,Y,Ops,High,0,1001559308,-1,
338046,03C5E101-0000-0000-2F36-000000000000,31573251,12086,FL,Miami Dade,7/1/20,102020,28,SII,14-2235-025-1040,,1.42E+12,1,,,,,MP,,,8777,, ,Collins,Ave, ,8777 Collins Ave,Miami Beach,FL,33154,3400,8777 COLLINS AVE 510,"Surfside,FL 33154",,3000,3000,,,10628.54,2020,,,,1400,,,,,,,,,510,,,,,,,,,,,,,,CHAMPLAIN TOWERS SOUTH CONDO UNIT 510 UNDIV  .007786% INT IN COMMON ELEMENTS OFF REC 11191-35 OR 19049-4618 0300 1,,1,,,,,,,,,Apt,510,C005,,25.872939,-80.120771,1.21E+14,,,,1,Y,Ops,High,0,1001559308,-1,
338047,04C5E101-0000-0000-2F36-000000000000,31573252,12086,FL,Miami Dade,7/1/20,102020,28,SII,14-2235-025-1050,,1.42E+12,1,,,,,MP,,,8777,, ,Collins,Ave, ,8777 Collins Ave,Miami Beach,FL,33154,3400,8777 COLLINS AVE 610,"Surfside,FL 33154",,3000,3000,,,11144.43,2020,,,,1400,,,,,,,,,610,,,,,,,,,,,,,,CHAMPLAIN TOWERS SOUTH CONDO UNIT 610 UNDIV .007786% INT IN COMMON ELEMENTS OFF REC 11191-35 OR 11927-1871 0683 1,,1,,,,,,,,,Apt,610,C005,,25.872939,-80.120771,1.21E+14,,,,1,Y,Ops,High,0,1001559308,-1,
338048,05C5E101-0000-0000-2F36-000000000000,31573253,12086,FL,Miami Dade,7/1/20,102020,28,SII,14-2235-025-1060,,1.42E+12,1,,,,,MP,,,8777,, ,Collins,Ave, ,8777 Collins Ave,Miami Beach,FL,33154,3401,8777 COLLINS AVE 710,"Surfside,FL 33154",,3000,3000,,,10723.48,2020,,,,1400,,,,,,,,,710,,,,,,,,,,,,,,CHAMPLAIN TOWERS SOUTH CONDO UNIT 710 UNDIV .007786% INT IN COMMON ELEMENTS OFF REC 11191-35 OR 12178-3150 0584 6,,1,,,,,,,,,Apt,710,C005,,25.872939,-80.120771,1.21E+14,,,,1,Y,Ops,High,0,1001559308,-1,
338049,06C5E101-0000-0000-2F36-000000000000,31573254,12086,FL,Miami Dade,7/1/20,102020,28,SII,14-2235-025-1070,,1.42E+12,1,,,,,MP,,,8777,, ,Collins,Ave, ,8777 Collins Ave,Miami Beach,FL,33154,3401,8777 COLLINS AVE 810,"Surfside,FL 33154",,3000,3000,,,11261,2020,,,,1400,,,,,,,,,810,,,,,,,,,,,,,,CHAMPLAIN TOWERS SOUTH CONDO UNIT 810 UNDIV .007786% INT IN COMMON ELEMENTS OFF REC 11191-35 OR 18106-1126 0598 1,,1,,,,,,,,,Apt,810,C005,,25.872939,-80.120771,1.21E+14,,,,1,Y,Ops,High,0,1001559308,-1,
338050,07C5E101-0000-0000-2F36-000000000000,31573255,12086,FL,Miami Dade,7/1/20,102020,28,SII,14-2235-025-1080,,1.42E+12,1,,,,,MP,,,8777,, ,Collins,Ave, ,8777 Collins Ave,Miami Beach,FL,33154,3402,8777 COLLINS AVE 910,"Surfside,FL 33154",,3000,3000,,,10820.52,2020,,,,1400,,,,,,,,,910,,,,,,,,,,,,,,CHAMPLAIN TOWERS SOUTH CONDO UNIT 910 UNDIV .007786% INT IN COMMON ELEMENTS OFF REC 11191-35 OR 21157-2973 03 2003 1,,1,,,,,,,,,Apt,910,C005,,25.872939,-80.120771,1.21E+14,,,,1,Y,Ops,High,0,1001559308,-1,
338051,08C5E101-0000-0000-2F36-000000000000,31573256,12086,FL,Miami Dade,7/1/20,102020,28,SII,14-2235-025-1090,,1.42E+12,1,,,,,MP,,,8777,, ,Collins,Ave, ,8777 Collins Ave,Miami Beach,FL,33154,3402,8777 COLLINS AVE 1010,"Surfside,FL 33154",,3000,3000,,,7910.81,2020,,,,1400,,,,,,,,,1010,,,,,,,,,,,,,,CHAMPLAIN TOWERS SOUTH CONDO UNIT 1010 UNDIV .007786% INT IN COMMON ELEMENTS OFF REC 11191-35 OR 14817-307 1290 1,,1,,,,,,,,,Apt,1010,C005,,25.872939,-80.120771,1.21E+14,,,,1,Y,Ops,High,0,1001559308,-1,
338052,09C5E101-0000-0000-2F36-000000000000,31573257,12086,FL,Miami Dade,7/1/20,102020,28,SII,14-2235-025-1100,,1.42E+12,1,,,,,MP,,,8777,, ,Collins,Ave, ,8777 Collins Ave,Miami Beach,FL,33154,3405,8777 COLLINS AVE 1110,"Surfside,FL 33154",,3000,3000,,,10914.48,2020,,,,1400,,,,,,,,,1110,,,,,,,,,,,,,,CHAMPLAIN TOWERS SOUTH CONDO UNIT 1110 UNDIV .007786% INT IN COMMON ELEMENTS OFF REC 11191-35 OR 19008-2479 0200 1,,1,,,,,,,,,Apt,1110,C005,,25.872939,-80.120771,1.21E+14,,,,1,Y,Ops,High,0,1001559308,-1,
338053,0AC5E101-0000-0000-2F36-000000000000,31573258,12086,FL,Miami Dade,7/1/20,102020,28,SII,14-2235-025-1110,,1.42E+12,1,,,,,MP,,,8777,, ,Collins,Ave, ,8777 Collins Ave,Miami Beach,FL,33154,3406,8777 COLLINS AVE PH-10,"Surfside,FL 33154",,3000,3000,,,11158.24,2020,,,,1400,,,,,,,,,PH-10,,10,,,,,,,,,,,,CHAMPLAIN TOWERS SOUTH CONDO UNIT PH-10 UNDIV .007786% INT IN COMMON ELEMENTS OFF REC 11191-35 OR 11271-2149 1081 1,,1,,,,,,,,,Penthouse,10,C005,,25.872939,-80.120771,1.21E+14,,,,1,S,Ops,High,0,1001559308,-1,
338054,0BC5E101-0000-0000-2F36-000000000000,31573259,12086,FL,Miami Dade,7/1/20,102020,28,SII,14-2235-025-1120,,1.42E+12,1,,,,,MP,,,8777,, ,Collins,Ave, ,8777 Collins Ave,Miami Beach,FL,33154,3408,8777 COLLINS AVE 111,"Surfside,FL 33154",,3000,3000,,,8475.2,2020,,,,1400,,,,,,,,,111,,,,,,,,,,,,,,CHAMPLAIN TOWERS SOUTH CONDO UNIT 111 UNDIV .007447% INT IN COMMON ELEMENTS OFF REC 11191-35 OR 18105-2264 0598 1,,1,,,,,,,,,Apt,111,C005,,25.872939,-80.120771,1.21E+14,,,,1,Y,Ops,High,0,1001559308,-1,
338055,0CC5E101-0000-0000-2F36-000000000000,31573260,12086,FL,Miami Dade,7/1/20,102020,28,SII,14-2235-025-1130,,1.42E+12,1,,,,,MP,,,8777,, ,Collins,Ave, ,8777 Collins Ave,Miami Beach,FL,33154,3408,8777 COLLINS AVE 211,"Surfside,FL 33154",,3000,3000,,,7651.25,2020,,,,1400,,,,,,,,,211,,,,,,,,,,,,,,CHAMPLAIN TOWERS SOUTH CONDO UNIT 211 UNDIV .007447% INT IN COMMON ELEMENTS OFF REC 11191-35 OR 14535-2216 0989 5,,1,,,,,,,,,Apt,211,C005,,25.872939,-80.120771,1.21E+14,,,,1,Y,Ops,High,0,1001559308,-1,
338056,0DC5E101-0000-0000-2F36-000000000000,31573261,12086,FL,Miami Dade,7/1/20,102020,28,SII,14-2235-025-1140,,1.42E+12,1,,,,,MP,,,8777,, ,Collins,Ave, ,8777 Collins Ave,Miami Beach,FL,33154,3408,8777 COLLINS AVE 311,"Surfside,FL 33154",,3000,3000,,,8644.51,2020,,,,1400,,,,,,,,,311,,,,,,,,,,,,,,CHAMPLAIN TOWERS SOUTH CONDO UNIT 311 UNDIV .007447% INT IN COMMON ELEMENTS OFF REC 11191-35 OR 11558-965 0982 1,,1,,,,,,,,,Apt,311,C005,,25.872939,-80.120771,1.21E+14,,,,1,Y,Ops,High,0,1001559308,-1,
338057,0EC5E101-0000-0000-2F36-000000000000,31573262,12086,FL,Miami Dade,7/1/20,102020,28,SII,14-2235-025-1150,,1.42E+12,1,,,,,MP,,,8777,, ,Collins,Ave, ,8777 Collins Ave,Miami Beach,FL,33154,3400,8777 COLLINS AVE 411,"Surfside,FL 33154",,3000,3000,,,8729.19,2020,,,,1400,,,,,,,,,411,,,,,,,,,,,,,,CHAMPLAIN TOWERS SOUTH CONDO UNIT 411 UNDIV .007447% INT IN COMMON ELEMENTS OFF REC 11191-35 OR 20927-778 12 2002 1,,1,,,,,,,,,Apt,411,C005,,25.872939,-80.120771,1.21E+14,,,,1,Y,Ops,High,0,1001559308,-1,
338058,0FC5E101-0000-0000-2F36-000000000000,31573263,12086,FL,Miami Dade,7/1/20,102020,28,SII,14-2235-025-1160,,1.42E+12,1,,,,,MP,,,8777,, ,Collins,Ave, ,8777 Collins Ave,Miami Beach,FL,33154,3400,8777 COLLINS AVE 511,"Surfside,FL 33154",,3000,3000,,,8817.44,2020,,,,1400,,,,,,,,,511,,,,,,,,,,,,,,CHAMPLAIN TOWERS SOUTH CONDO UNIT 511 UNDIV .007447% INT IN COMMON ELEMENTS OFF REC 11191-35 OR 20582-1354 0802 1,,1,,,,,,,,,Apt,511,C005,,25.872939,-80.120771,1.21E+14,,,,1,Y,Ops,High,0,1001559308,-1,
338059,10C5E101-0000-0000-2F36-000000000000,31573264,12086,FL,Miami Dade,7/1/20,102020,28,SII,14-2235-025-1170,,1.42E+12,1,,,,,MP,,,8777,, ,Collins,Ave, ,8777 Collins Ave,Miami Beach,FL,33154,3401,8777 COLLINS AVE 611,"Surfside,FL 33154",,3000,3000,,,8905.71,2020,,,,1400,,,,,,,,,611,,,,,,,,,,,,,,CHAMPLAIN TOWERS SOUTH CONDO UNIT 611 UNDIV .007447% INT IN COMMON ELEMENTS OFF REC 11191-35 OR 21130-1442 03 2003 1,,1,,,,,,,,,Apt,611,C005,,25.872939,-80.120771,1.21E+14,,,,1,Y,Ops,High,0,1001559308,-1,
338060,11C5E101-0000-0000-2F36-000000000000,31573265,12086,FL,Miami Dade,7/1/20,102020,28,SII,14-2235-025-1180,,1.42E+12,1,,,,,MP,,,8777,, ,Collins,Ave, ,8777 Collins Ave,Miami Beach,FL,33154,3401,8777 COLLINS AVE 711,"Surfside,FL 33154",,3000,3000,,,8993.99,2020,,,,1400,,,,,,,,,711,,,,,,,,,,,,,,CHAMPLAIN TOWERS SOUTH CONDO UNIT 711 UNDIV .007447% INT IN COMMON ELEMENTS OFF REC 11191-35 COC 24605-4783 05 2006 1,,1,,,,,,,,,Apt,711,C005,,25.872939,-80.120771,1.21E+14,,,,1,Y,Ops,High,0,1001559308,-1,
338061,12C5E101-0000-0000-2F36-000000000000,31573266,12086,FL,Miami Dade,7/1/20,102020,28,SII,14-2235-025-1190,,1.42E+12,1,,,,,MP,,,8777,, ,Collins,Ave, ,8777 Collins Ave,Miami Beach,FL,33154,3401,8777 COLLINS AVE 811,"Surfside,FL 33154",,3000,3000,,,9084.05,2020,,,,1400,,,,,,,,,811,,,,,,,,,,,,,,CHAMPLAIN TOWERS SOUTH CONDO UNIT 811 UNDIV .007447% INT IN COMMON ELEMENTS OFF REC 11191-35 OR 17400-1922 1096 1,,1,,,,,,,,,Apt,811,C005,,25.872939,-80.120771,1.21E+14,,,,1,Y,Ops,High,0,1001559308,-1,
338062,13C5E101-0000-0000-2F36-000000000000,31573267,12086,FL,Miami Dade,7/1/20,102020,28,SII,14-2235-025-1200,,1.42E+12,1,,,,,MP,,,8777,, ,Collins,Ave, ,8777 Collins Ave,Miami Beach,FL,33154,3402,8777 COLLINS AVE 911,"Surfside,FL 33154",,3000,3000,,,5459.48,2020,,,,1400,,,,,,,,,911,,,,,,,,,,,,,,CHAMPLAIN TOWERS SOUTH CONDO UNIT 911 UNDIV .007447% INT IN COMMON ELEMENTS OFF REC 11191-35 OR 15558-1682 0791 1,,1,,,,,,,,,Apt,911,C005,,25.872939,-80.120771,1.21E+14,,,,1,Y,Ops,High,0,1001559308,-1,
338063,14C5E101-0000-0000-2F36-000000000000,31573268,12086,FL,Miami Dade,7/1/20,102020,28,SII,14-2235-025-1210,,1.42E+12,1,,,,,MP,,,8777,, ,Collins,Ave, ,8777 Collins Ave,Miami Beach,FL,33154,3402,8777 COLLINS AVE 1011,"Surfside,FL 33154",,3000,3000,,,3077.88,2020,,,,1400,,,,,,,,,1011,,,,,,,,,,,,,,CHAMPLAIN TOWERS SOUTH CONDO UNIT 1011 UNDIV .007447% INT IN COMMON ELEMENTS OFF REC 11191-35 OR 16353-4563 0494 1,,1,,,,,,,,,Apt,1011,C005,,25.872939,-80.120771,1.21E+14,,,,1,Y,Ops,High,0,1001559308,-1,
338064,15C5E101-0000-0000-2F36-000000000000,31573269,12086,FL,Miami Dade,7/1/20,102020,28,SII,14-2235-025-1220,,1.42E+12,1,,,,,MP,,,8777,, ,Collins,Ave, ,8777 Collins Ave,Miami Beach,FL,33154,3405,8777 COLLINS AVE 1111,"Surfside,FL 33154",,3000,3000,,,9359.66,2020,,,,1400,,,,,,,,,1111,,,,,,,,,,,,,,CHAMPLAIN TOWERS SOUTH CONDO UNIT 1111 UNDIV .007447% INT IN COMMON ELEMENTS OFF REC 11191-35 OR 20530-3291 07 2002 1,,1,,,,,,,,,Apt,1111,C005,,25.872939,-80.120771,1.21E+14,,,,1,Y,Ops,High,0,1001559308,-1,
338065,16C5E101-0000-0000-2F36-000000000000,31573270,12086,FL,Miami Dade,7/1/20,102020,28,SII,14-2235-025-1230,,1.42E+12,1,,,,,MP,,,8777,, ,Collins,Ave, ,8777 Collins Ave,Miami Beach,FL,33154,3406,8777 COLLINS AVE PH-11,"Surfside,FL 33154",,3000,3000,,,9501.46,2020,,,,1400,,,,,,,,,PH-11,,11,,,,,,,,,,,,CHAMPLAIN TOWERS SOUTH CONDO UNIT PH-11 UNDIV .007447% INT IN COMMON ELEMENTS OFF REC 11191-35 OR 19480-1148 0500 1,,1,,,,,,,,,Penthouse,11,C005,,25.872939,-80.120771,1.21E+14,,,,1,S,Ops,High,0,1001559308,-1,
338066,17C5E101-0000-0000-2F36-000000000000,31573271,12086,FL,Miami Dade,7/1/20,102020,28,SII,14-2235-025-1240,,1.42E+12,1,,,,,MP,,,8777,, ,Collins,Ave, ,8777 Collins Ave,Miami Beach,FL,33154,3408,8777 COLLINS AVE 112,"Surfside,FL 33154",,3000,3000,,,17759.8,2020,,,,1400,,,,,,,,,112,,,,,,,,,,,,,,CHAMPLAIN TOWERS SOUTH CONDO UNIT 112 UNDIV .010022% INT IN COMMON ELEMENTS OFF REC 11191-35 OR 20235-3779 1201 4,,1,,,,,,,,,Apt,112,C005,,25.872939,-80.120771,1.21E+14,,,,1,Y,Ops,High,0,1001559308,-1,
338067,18C5E101-0000-0000-2F36-000000000000,31573272,12086,FL,Miami Dade,7/1/20,102020,28,SII,14-2235-025-1250,,1.42E+12,1,,,,,MP,,,8777,, ,Collins,Ave, ,8777 Collins Ave,Miami Beach,FL,33154,3408,8777 COLLINS AVE 212,"Surfside,FL 33154",,3000,3000,,,6393,2020,,,,1400,,,,,,,,,212,,,,,,,,,,,,,,CHAMPLAIN TOWERS SOUTH CONDO UNIT 212 UNDIV .010022% INT IN COMMON ELEMENTS OFF REC 11191-35 OR 11762-2715 0183 1,,1,,,,,,,,,Apt,212,C005,,25.872939,-80.120771,1.21E+14,,,,1,Y,Ops,High,0,1001559308,-1,
338068,19C5E101-0000-0000-2F36-000000000000,31573273,12086,FL,Miami Dade,7/1/20,102020,28,SII,14-2235-025-1260,,1.42E+12,1,,,,,MP,,,8777,, ,Collins,Ave, ,8777 Collins Ave,Miami Beach,FL,33154,3408,8777 COLLINS AVE 312,"Surfside,FL 33154",,3000,3000,,,7727.76,2020,,,,1400,,,,,,,,,312,,,,,,,,,,,,,,CHAMPLAIN TOWERS SOUTH CONDO UNIT 312 UNDIV .010022% INT IN COMMON ELEMENTS OFF REC 11191-35 OR 20854-0370 11 2002 1,,1,,,,,,,,,Apt,312,C005,,25.872939,-80.120771,1.21E+14,,,,1,Y,Ops,High,0,1001559308,-1,
338069,1AC5E101-0000-0000-2F36-000000000000,31573274,12086,FL,Miami Dade,7/1/20,102020,28,SII,14-2235-025-1270,,1.42E+12,1,,,,,MP,,,8777,, ,Collins,Ave, ,8777 Collins Ave,Miami Beach,FL,33154,3400,8777 COLLINS AVE 412,"Surfside,FL 33154",,3000,3000,,,18393.23,2020,,,,1400,,,,,,,,,412,,,,,,,,,,,,,,CHAMPLAIN TOWERS SOUTH CONDO UNIT 412 UNDIV .010022% INT IN COMMON ELEMENTS OFF REC 11191-35 OR 19919-1928 0901 1,,1,,,,,,,,,Apt,412,C005,,25.872939,-80.120771,1.21E+14,,,,1,Y,Ops,High,0,1001559308,-1,
338070,1BC5E101-0000-0000-2F36-000000000000,31573275,12086,FL,Miami Dade,7/1/20,102020,28,SII,14-2235-025-1280,,1.42E+12,1,,,,,MP,,,8777,, ,Collins,Ave, ,8777 Collins Ave,Miami Beach,FL,33154,3400,8777 COLLINS AVE 512,"Surfside,FL 33154",,3000,3000,,,18341.8,2020,,,,1400,,,,,,,,,512,,,,,,,,,,,,,,CHAMPLAIN TOWERS SOUTH CONDO UNIT 512 UNDIV .010022% INT IN COMMON ELEMENTS OFF REC 11191-35 OR 15773-1567 1292 5,,1,,,,,,,,,Apt,512,C005,,25.872939,-80.120771,1.21E+14,,,,1,Y,Ops,High,0,1001559308,-1,
338071,1CC5E101-0000-0000-2F36-000000000000,31573276,12086,FL,Miami Dade,7/1/20,102020,28,SII,14-2235-025-1290,,1.42E+12,1,,,,,MP,,,8777,, ,Collins,Ave, ,8777 Collins Ave,Miami Beach,FL,33154,3401,8777 COLLINS AVE 612,"Surfside,FL 33154",,3000,3000,,,18763.09,2020,,,,1400,,,,,,,,,612,,,,,,,,,,,,,,CHAMPLAIN TOWERS SOUTH CONDO UNIT 612 UNDIV .010022% INT IN COMMON ELEMENTS OFF REC 11191-35 OR 17634-4447 0497 1,,1,,,,,,,,,Apt,612,C005,,25.872939,-80.120771,1.21E+14,,,,1,Y,Ops,High,0,1001559308,-1,
338072,1DC5E101-0000-0000-2F36-000000000000,31573277,12086,FL,Miami Dade,7/1/20,102020,28,SII,14-2235-025-1300,,1.42E+12,1,,,,,MP,,,8777,, ,Collins,Ave, ,8777 Collins Ave,Miami Beach,FL,33154,3401,8777 COLLINS AVE 712,"Surfside,FL 33154",,3000,3000,,,6513.31,2020,,,,1400,,,,,,,,,712,,,,,,,,,,,,,,CHAMPLAIN TOWERS SOUTH CONDO UNIT 712 UNDIV .010022% INT IN COMMON ELEMENTS OFF REC 11191-35 OR 11245-1717 1081 1,,1,,,,,,,,,Apt,712,C005,,25.872939,-80.120771,1.21E+14,,,,1,Y,Ops,High,0,1001559308,-1,
338073,1EC5E101-0000-0000-2F36-000000000000,31573278,12086,FL,Miami Dade,7/1/20,102020,28,SII,14-2235-025-1310,,1.42E+12,1,,,,,MP,,,8777,, ,Collins,Ave, ,8777 Collins Ave,Miami Beach,FL,33154,3401,8777 COLLINS AVE 812,"Surfside,FL 33154",,3000,3000,,,19140.96,2020,,,,1400,,,,,,,,,812,,,,,,,,,,,,,,CHAMPLAIN TOWERS SOUTH CONDO UNIT 812 UNDIV .010022% INT IN COMMON ELEMENTS OFF REC 11191-35 OR 13178-2468 1286 1,,1,,,,,,,,,Apt,812,C005,,25.872939,-80.120771,1.21E+14,,,,1,Y,Ops,High,0,1001559308,-1,
338074,1FC5E101-0000-0000-2F36-000000000000,31573279,12086,FL,Miami Dade,7/1/20,102020,28,SII,14-2235-025-1320,,1.42E+12,1,,,,,MP,,,8777,, ,Collins,Ave, ,8777 Collins Ave,Miami Beach,FL,33154,3402,8777 COLLINS AVE 912,"Surfside,FL 33154",,3000,3000,,,6575.02,2020,,,,1400,,,,,,,,,912,,,,,,,,,,,,,,CHAMPLAIN TOWERS SOUTH CONDO UNIT 912 UNDIV .010022% INT IN COMMON ELEMENTS OFF REC 11191-35 OR 12788-1332 0186 1,,1,,,,,,,,,Apt,912,C005,,25.872939,-80.120771,1.21E+14,,,,1,Y,Ops,High,0,1001559308,-1,
338075,20C5E101-0000-0000-2F36-000000000000,31573280,12086,FL,Miami Dade,7/1/20,102020,28,SII,14-2235-025-1330,,1.42E+12,1,,,,,MP,,,8777,, ,Collins,Ave, ,8777 Collins Ave,Miami Beach,FL,33154,3402,8777 COLLINS AVE 1012,"Surfside,FL 33154",,3000,3000,,,19524.81,2020,,,,1400,,,,,,,,,1012,,,,,,,,,,,,,,CHAMPLAIN TOWERS SOUTH CONDO UNIT 1012 UNDIV .010022% INT IN COMMON ELEMENTS OFF REC 11191-35 COC 21757-1975 10 2003 5,,1,,,,,,,,,Apt,1012,C005,,25.872939,-80.120771,1.21E+14,,,,1,Y,Ops,High,0,1001559308,-1,
338076,21C5E101-0000-0000-2F36-000000000000,31573281,12086,FL,Miami Dade,7/1/20,102020,28,SII,14-2235-025-1340,,1.42E+12,1,,,,,MP,,,8777,, ,Collins,Ave, ,8777 Collins Ave,Miami Beach,FL,33154,3405,8777 COLLINS AVE 1112,"Surfside,FL 33154",,3000,3000,,,18203.81,2020,,,,1400,,,,,,,,,1112,,,,,,,,,,,,,,CHAMPLAIN TOWERS SOUTH CONDO UNIT 1112 UNDIV .010022% INT IN COMMON ELEMENTS OFF REC 11191-35 OR 14875-1244 1290 5,,1,,,,,,,,,Apt,1112,C005,,25.872939,-80.120771,1.21E+14,,,,1,Y,Ops,High,0,1001559308,-1,
338077,22C5E101-0000-0000-2F36-000000000000,31573282,12086,FL,Miami Dade,7/1/20,102020,28,SII,14-2235-025-1350,,1.42E+12,1,,,,,MP,,,8777,, ,Collins,Ave, ,8777 Collins Ave,Miami Beach,FL,33154,3406,8777 COLLINS AVE PH-12,"Surfside,FL 33154",,3000,3000,,,19486.88,2020,,,,1400,,,,,,,,,PH-12,,12,,,,,,,,,,,,CHAMPLAIN TOWERS SOUTH CONDO UNIT PH-12 UNDIV .010022% INT IN COMMON ELEMENTS OFF REC 11191-35 COC 21757-1711 10 2003 5,,1,,,,,,,,,Penthouse,12,C005,,25.872939,-80.120771,1.21E+14,,,,1,S,Ops,High,0,1001559308,-1,
338078,23C5E101-0000-0000-2F36-000000000000,31573283,12086,FL,Miami Dade,7/1/20,102020,28,SII,14-2235-025-1360,,1.42E+12,1,,,,,MP,,,8777,, ,Collins,Ave, ,8777 Collins Ave,Miami Beach,FL,33154,3441,8777 COLLINS AVE PH-A,"Surfside,FL 33154",,3000,3000,,,27880.83,2020,,,,1400,,,,,,,,,PH-A,,A,,,,,,,,,,,,CHAMPLAIN TOWERS SOUTH CONDO UNIT PH-A UNDIV .022409% INT IN COMMON ELEMENTS OFF REC 11191-35 OR 13182-3045 0287 1,,1,,,,,,,,,Penthouse,A,C005,,25.872939,-80.120771,1.21E+14,,,,1,Y,Ops,High,0,1001559308,-1,